time,latitude,longitude,depth,mag,magType,nst,gap,dmin,rms,net,id,updated,place,type,horizontalError,depthError,magError,magNst,status,locationSource,magSource
2024-01-01T07:18:42.037Z,37.1959,136.8697,10,6.2,mb,94,33,1.251,0.85,us,us6000m0xm,2024-01-02T23:45:53.771Z,"4 km SSW of Anamizu, Japan",earthquake,3.53,1.8,0.025,631,reviewed,us,us
2023-12-30T17:16:24.908Z,-2.9626,139.3532,39.102,6.3,mww,101,25,1.42,0.95,us,us6000m0n6,2023-12-31T17:23:18.043Z,"147 km WSW of Abepura, Indonesia",earthquake,6.94,5.382,0.057,30,reviewed,us,us
2023-12-30T17:16:23.000Z,-3.205,139.289,10,6.5,Mi,18,86.39999309,,,pt,pt23364001,2023-12-30T17:25:39.788Z,"163 km WSW of Abepura, Indonesia",earthquake,,,,13,reviewed,pt,pt
2023-12-28T09:15:15.393Z,44.5796,148.9903,23.844,6.5,mww,119,49,4.611,1.07,us,us6000m05c,2023-12-29T09:27:17.625Z,"113 km SE of Kuril’sk, Russia",earthquake,7.98,4.633,0.078,16,reviewed,us,us
2023-12-22T17:36:32.043Z,-52.0866,27.9398,10,6.1,mww,272,19,16.572,0.75,us,us7000lkxb,2023-12-23T17:40:31.633Z,south of Africa,,6.81,1.671,0.065,23,reviewed,us,us
2023-12-21T14:55:58.269Z,51.3266,-175.3556,30.086,6.1,mww,130,52,0.75,0.85,us,usd0010b4f,2024-01-06T15:06:02.957Z,"107 km SE of Adak, Alaska",earthquake,4.65,3.962,0.028,122,reviewed,us,us
2023-12-20T12:11:21.833Z,-15.8701,-72.5185,96.71,6.2,mww,185,70,3.243,0.78,us,us7000lkb1,2024-01-07T06:09:18.005Z,"11 km E of Iray, Peru",earthquake,8.74,4.4,0.04,,reviewed,us,us
,-18.6761,-175.4826,238.398,6.1,mww,89,32,2.495,1.38,us,us7000li15,2023-12-12T06:39:59.871Z,"158 km W of Neiafu, Tonga",earthquake,9.31,5.908,0.063,24,reviewed,us,us
2023-12-03T19:49:36.868Z,8.9535,126.6186,28.606,6.9,mww,151,25,2.136,0.9,us,us7000lfxx,2023-12-28T19:36:05.249Z,"34 km ENE of Aras-asan, Philippines",earthquake,7.67,2.426,0.05,39,reviewed,us,us
2023-12-03T14:35:58.768Z,8.7256,126.8701,26.514,6,,89,76,2.084,0.71,us,,2023-12-28T17:23:43.577Z,"63 km E of Marihatag, Philippines",earthquake,9.15,3.593,0.041,57,reviewed,us,us
2023-12-03T10:35:51.878Z,8.4929,126.7471,12.562,6.6,mww,135,32,1.827,0.88,us,us7000lftp,2023-12-26T13:52:44.055Z,"47 km ENE of Hinatuan, Philippines",earthquake,7.74,3.426,0.052,35,reviewed,us,us
2023-12-02T20:52:15.877Z,8.4475,126.7782,9,6,mww,176,42,1.813,0.58,us,us7000lgan,2024-01-05T04:05:27.261Z,"49 km NE of Barcelona, Philippines",earthquake,8.31,1.77,0.058,29,reviewed,us,us
2023-12-02T18:09:26.307Z,8.4476,126.9603,50.708,6.2,mww,206,17,1.936,0.72,us,us7000lfkh,2024-01-04T21:43:31.040Z,"66 km ENE of Barcelona, Philippines",earthquake,7.79,4.724,0.098,10,reviewed,us,us
2023-12-02T17:40:16.653Z,8.3752,126.7462,,6.1,mb,254,17,1.738,0.81,us,us7000lfjr,2023-12-05T19:34:59.598Z,,earthquake,8.31,4.53,0.031,408,,us,us
2023-12-02T16:03:37.952Z,8.4297,126.6978,13.083,6.3,mww,128,43,,0.88,us,us7000lfi0,2024-01-02T22:27:13.040Z,"40 km E of Hinatuan, Philippines",earthquake,8.75,3.139,0.063,24,reviewed,us,us
,,,,,,,,,,,,,,,,,,,,,
2023-11-24T09:05:03.893Z,20.1319,145.5195,22.163,6.9,mww,328,33,4.871,0.42,us,us6000lqf9,2024-01-05T09:15:18.941Z,"Maug Islands region, Northern Mariana Islands",earthquake,8.03,3.827,0.058,29,reviewed,us,us
2023-11-22T04:47:31.590Z,-14.9603,167.9718,13,6.7,mww,120,23,6.575,0.55,us,us6000lq00,2023-12-28T04:27:30.591Z,"97 km E of Port-Olry, Vanuatu",earthquake,8.25,1.738,0.047,44,reviewed,us,us
2023-11-22T02:48:51.641Z,1.7827,127.1887,102,6,mww,132,23,1.02,0.72,us,us6000lpyx,2023-12-28T04:04:52.739Z,"91 km W of Tobelo, Indonesia",earthquake,7.55,1.842,0.046,46,reviewed,us,us
2023-11-17T08:14:10.545Z,5.5711,124.9949,52,6.7,mww,244,21,1.598,1,us,us6000lp12,2023-12-28T19:28:00.811Z,"31 km S of Maasim, Philippines",earthquake,6.69,1.894,0.038,66,reviewed,us,us
2023-11-14T07:00:56.463Z,-4.033,87.1044,9,6.1,mww,132,54,12.583,0.86,us,usd00103xy,2023-12-27T14:51:42.370Z,South Indian Ocean,earthquake,8.47,1.813,0.043,52,reviewed,us,us
2023-11-13T07:43:34.115Z,-3.8855,151.067,10,6.1,mww,120,50,1.135,0.58,us,us7000lali,2024-01-03T11:07:01.878Z,"126 km WNW of Rabaul, Papua New Guinea",earthquake,4.13,1.813,0.048,41,reviewed,us,us
2023-11-10T20:45:11.772Z,-6.0976,130.0606,9.969,6.1,mww,186,37,1.572,0.75,us,us7000la7r,2023-12-07T22:49:43.418Z,Banda Sea,earthquake,6.43,2.746,0.043,51,reviewed,us,us
2023-11-08T13:02:06.115Z,-6.131,129.8738,10,6.7,mww,179,28,1.598,0.42,us,us7000l9ku,2023-12-18T18:04:33.163Z,Banda Sea,earthquake,6.55,1.807,0.039,64,reviewed,us,us
2023-11-08T04:52:51.393Z,-6.4442,129.7518,10,6.7,mwb,106,29,5.74,0.82,us,us7000l9h2,2023-12-07T03:07:26.584Z,Banda Sea,earthquake,3.62,1.723,0.034,85,reviewed,us,us
2023-11-01T21:04:48.023Z,-10.0561,123.7541,51,6.1,mww,258,13,6.023,0.88,us,us7000l85t,2024-01-05T05:21:29.160Z,"20 km NE of Kupang, Indonesia",earthquake,2.65,1.839,0.054,33,reviewed,us,us
2023-10-31T12:33:43.867Z,-28.7441,-71.5548,35,6.6,mww,169,32,0.684,0.52,us,us7000l7si,2023-12-12T08:14:51.512Z,"79 km WSW of Vallenar, Chile",earthquake,4.71,1.866,0.069,20,reviewed,us,us
2023-10-31T11:10:56.148Z,-17.5276,-179.0103,550.172,6.5,mww,113,27,2.809,0.74,us,us7000l7qy,2023-11-30T10:47:48.217Z,Fiji region,earthquake,8.49,3.654,0.052,36,reviewed,us,us
2023-10-29T04:32:07.879Z,-19.3971,168.7776,72.481,6,mww,115,21,3.433,0.71,us,us7000l7b6,2023-11-24T02:17:00.310Z,"55 km WNW of Isangel, Vanuatu",earthquake,8.32,3.995,0.069,20,reviewed,us,us
2023-10-23T10:10:14.193Z,-29.9334,-177.45,19,6,mww,105,56,0.784,1,us,us6000lhgd,2024-01-04T04:21:57.040Z,"Kermadec Islands, New Zealand",earthquake,4.31,1.724,0.048,41,reviewed,us,us
2023-10-16T11:35:30.449Z,52.5592,-176.924,174,6.4,mww,173,29,0.613,1.04,us,us6000lfvn,2024-01-01T11:45:35.692Z,"78 km NNW of Adak, Alaska",earthquake,6.09,1.891,0.04,61,reviewed,us,us
2023-10-15T03:36:00.454Z,34.6529,62.1244,9,6.3,mww,125,21,5.708,0.92,us,us6000lfn5,2023-12-26T21:24:17.040Z,"34 km NNW of Herāt, Afghanistan",earthquake,7.28,1.739,0.063,24,reviewed,us,us
2023-10-11T20:04:58.206Z,-52.0446,139.6131,10,6.3,mww,112,35,10.516,0.95,us,us6000lews,2023-12-16T22:13:07.040Z,west of Macquarie Island,earthquake,5.49,1.743,0.052,35,reviewed,us,us
2023-10-11T00:41:55.908Z,34.5364,62.0509,8,6.3,mww,423,21,4.645,0.7,us,us6000len8,2023-12-16T22:13:06.040Z,"24 km NNW of Herāt, Afghanistan",earthquake,7.87,1.746,0.044,49,reviewed,us,us
2023-10-10T10:01:31.660Z,-22.9147,-66.2547,253,6,mww,123,35,1.774,0.81,us,us6000legn,2023-12-16T22:13:06.040Z,"61 km WSW of Abra Pampa, Argentina",earthquake,9.19,1.947,0.049,40,reviewed,us,us
2023-10-07T08:40:11.361Z,-5.4749,146.1439,52,6.9,mww,272,18,4.032,0.6,us,us6000ldqf,2023-12-14T21:26:55.040Z,"48 km SE of Madang, Papua New Guinea",earthquake,1.83,1.929,0.052,35,reviewed,us,us
2023-10-07T08:34:26.985Z,-5.5729,146.138,55,6.7,mww,249,19,3.94,0.73,us,us6000ldqd,2023-12-14T21:26:55.040Z,"54 km SE of Madang, Papua New Guinea",earthquake,5.46,1.931,0.054,33,reviewed,us,us
2023-10-07T07:12:49.702Z,34.5442,61.8891,8,6.3,mww,244,43,5.904,0.5,us,us6000ldpm,2023-12-14T21:26:55.040Z,"25 km NNE of Zindah Jān, Afghanistan",earthquake,5.86,1.446,0.051,37,reviewed,us,us
2023-10-07T06:41:03.327Z,34.5982,61.9263,14,6.3,mww,279,43,5.872,0.58,us,us6000ldpg,2023-12-14T21:26:55.040Z,"32 km NNE of Zindah Jān, Afghanistan",earthquake,6.63,1.812,0.048,41,reviewed,us,us
2023-10-06T01:31:17.149Z,30.1409,139.9683,10,6.1,mww,91,62,2.968,0.92,us,us6000ldbb,2023-12-14T21:26:53.040Z,"Izu Islands, Japan region",earthquake,7.13,1.791,0.047,43,reviewed,us,us
2023-10-05T01:59:58.562Z,29.8466,139.9904,10,6.1,mww,218,37,3.262,0.89,us,us6000lcz1,2023-12-14T21:26:52.040Z,"Izu Islands, Japan region",earthquake,7.54,1.77,0.041,57,reviewed,us,us
2023-10-04T11:21:47.730Z,5.3171,126.0438,113,6.4,mww,257,23,1.801,0.88,us,us6000lcri,2023-12-21T07:32:46.409Z,"65 km E of Sarangani, Philippines",earthquake,6.22,1.901,0.037,71,reviewed,us,us
2023-10-03T11:38:04.199Z,29.9183,140.0108,10,6,mww,257,27,3.192,0.36,us,us6000lch5,2023-12-14T21:26:51.040Z,"Izu Islands, Japan region",earthquake,5.96,1.661,0.043,53,reviewed,us,us
2023-09-28T14:40:25.892Z,-15.5866,167.741,125,6.1,mww,101,25,5.93,0.57,us,us6000lbdi,2023-12-09T22:00:40.040Z,"62 km E of Luganville, Vanuatu",earthquake,4.19,1.883,0.038,67,reviewed,us,us
2023-09-21T21:11:48.933Z,-14.0192,167.2467,185,6.1,mww,161,16,7.084,0.63,us,us7000kx7j,2023-12-02T23:01:09.040Z,Vanuatu,earthquake,8.1,1.868,0.054,33,reviewed,us,us
2023-09-18T13:21:23.535Z,26.5312,125.2312,176,6.3,mww,165,21,2.324,0.84,us,us7000kwg2,2023-12-02T23:01:07.040Z,"191 km N of Hirara, Japan",earthquake,6.96,1.844,0.044,49,reviewed,us,us
2023-09-13T11:49:15.813Z,-36.2299,-97.9312,10,6.1,mww,215,30,13.319,0.72,us,us7000kvhu,2023-11-18T22:29:33.040Z,West Chile Rise,earthquake,7.08,1.845,0.05,39,reviewed,us,us
2023-09-12T11:03:17.243Z,19.2355,121.2293,31.11,6.2,mww,275,21,4.083,0.51,us,us7000kv90,2023-11-18T22:29:33.040Z,"69 km N of Namuac, Philippines",earthquake,7.65,3.219,0.062,25,reviewed,us,us
2023-09-11T12:51:33.104Z,1.1246,127.4888,151,6,mww,128,22,0.371,0.89,us,us7000kv0k,2023-11-18T22:29:33.040Z,"38 km NNE of Ternate, Indonesia",earthquake,7.81,1.893,0.045,47,reviewed,us,us
2023-09-09T14:43:24.563Z,0.0018,119.7663,13,6,mww,103,47,1.498,0.99,us,us7000kulj,2023-11-17T19:47:52.040Z,"101 km N of Palu, Indonesia",earthquake,4.1,1.772,0.068,21,reviewed,us,us
2023-09-08T22:11:01.405Z,31.058,-8.3847,19,6.8,mww,380,22,0.988,0.67,us,us7000kufc,2023-12-01T17:08:56.264Z,"Al Haouz, Morocco",earthquake,3.62,3.098,0.032,95,reviewed,us,us
2023-09-08T09:09:57.277Z,-32.7996,-179.3741,79,6.6,mww,171,21,3.741,0.56,us,us7000ku47,2023-11-17T19:47:50.040Z,south of the Kermadec Islands,earthquake,8.23,1.928,0.052,36,reviewed,us,us
2023-09-06T23:48:04.632Z,-30.2737,-71.4817,36,6.3,mww,340,19,0.412,0.74,us,us7000ktti,2023-11-17T19:47:46.040Z,"38 km SSW of Coquimbo, Chile",earthquake,4.82,1.522,0.04,60,reviewed,us,us
2023-09-01T20:49:54.440Z,50.6792,156.313,137,6.1,mww,297,18,2.58,0.59,us,us7000ksrl,2023-11-04T21:36:15.040Z,"13 km E of Severo-Kuril’sk, Russia",earthquake,7.93,1.823,0.033,90,reviewed,us,us
2023-08-23T14:22:43.170Z,-26.8836,-63.2947,554,6.2,mww,201,34,4.581,0.64,us,us7000kqbl,2023-10-28T19:15:35.040Z,"17 km NNW of El Hoyo, Argentina",earthquake,9.64,1.947,0.038,68,reviewed,us,us
2023-08-17T17:04:48.770Z,4.3463,-73.6199,10,6.1,mww,111,64,0.857,0.87,us,us7000kp2i,2023-10-27T21:39:03.040Z,"10 km E of El Calvario, Colombia",earthquake,9,1.789,0.063,24,reviewed,us,us
2023-08-17T16:41:01.780Z,-0.3289,-19.5802,10,6,mww,167,40,9.017,0.68,us,us7000kp2g,2023-10-27T21:39:03.040Z,central Mid-Atlantic Ridge,earthquake,8.93,1.788,0.057,30,reviewed,us,us
2023-08-16T12:47:39.720Z,-13.8882,167.2249,188,6.5,mww,203,24,7.196,0.57,us,us7000knq0,2023-10-27T21:39:02.040Z,"35 km W of Sola, Vanuatu",earthquake,8.72,1.922,0.068,21,reviewed,us,us
2023-08-14T13:51:53.761Z,13.347,147.5297,8,6.1,mww,188,23,2.528,0.58,us,us6000kzv3,2024-01-01T14:02:07.876Z,Mariana Islands region,earthquake,6.96,1.434,0.052,36,reviewed,us,us
2023-08-14T10:39:58.130Z,-43.5041,39.1083,10,6,mww,93,27,9.501,0.96,us,us6000kztr,2023-10-27T21:39:01.040Z,Prince Edward Islands region,earthquake,10.09,1.73,0.073,18,reviewed,us,us
2023-08-08T18:38:54.184Z,-15.2082,-173.1883,42,6.1,mww,208,38,1.877,1.27,us,us6000kyph,2023-10-17T22:01:28.040Z,"105 km NE of Hihifo, Tonga",earthquake,6.46,1.856,0.043,53,reviewed,us,us
2023-08-05T07:20:06.009Z,-28.1775,-63.1836,575,6.2,mww,248,33,4.325,0.56,us,us6000ky1y,2023-10-07T21:38:59.040Z,"Santiago del Estero, Argentina",earthquake,9.79,1.94,0.027,132,reviewed,us,us
2023-07-26T12:44:35.646Z,-14.74,167.9135,13,6.4,mww,198,27,6.734,0.62,us,us6000kvmq,2023-09-30T21:36:31.040Z,"96 km ENE of Port-Olry, Vanuatu",earthquake,7.37,1.722,0.053,34,reviewed,us,us
2023-07-24T02:49:56.186Z,-24.0956,178.7423,523,6,mww,117,18,5.93,0.72,us,us7000khw8,2023-09-30T21:36:39.040Z,"665 km S of Suva, Fiji",earthquake,4.58,1.899,0.051,37,reviewed,us,us
2023-07-19T00:22:07.656Z,12.8,-88.0796,70.808,6.5,mww,156,65,0.706,1.08,us,us7000kgpb,2023-12-10T22:02:14.497Z,"43 km S of Intipucá, El Salvador",earthquake,6.75,3.291,0.04,59,reviewed,us,us
2023-07-17T03:05:11.472Z,-38.1862,-70.4427,186,6.6,mww,134,18,1.61,0.63,us,us7000kg9g,2023-09-28T21:33:34.040Z,"19 km SE of Loncopué, Argentina",earthquake,6.06,1.803,0.047,44,reviewed,us,us
2023-07-14T09:29:00.404Z,14.9004,-93.9011,34,6.3,mww,358,83,2.186,0.64,us,us7000kfnc,2023-09-16T19:16:15.040Z,"Offshore Chiapas, Mexico",earthquake,5.25,1.821,0.033,89,reviewed,us,us
2023-07-10T20:28:26.195Z,20.0634,-61.1021,14,6.6,mww,172,24,2.469,0.72,us,us7000keq3,2023-09-16T19:16:09.040Z,"278 km NNE of Codrington, Antigua and Barbuda",earthquake,5.48,1.497,0.057,30,reviewed,us,us
2023-07-02T10:27:43.732Z,-17.881,-174.9484,229,6.9,mww,108,21,1.181,0.96,us,us6000kpls,2023-09-09T21:54:36.040Z,"132 km NW of Neiafu, Tonga",earthquake,5.01,1.909,0.041,58,reviewed,us,us
2023-06-25T07:16:58.830Z,-24.0818,-175.576,9,6.2,mww,102,37,2.919,0.5,us,us7000kayb,2023-09-08T14:18:39.040Z,south of Tonga,earthquake,9.12,1.84,0.041,56,reviewed,us,us
2023-06-19T11:18:11.960Z,-4.4729,144.8345,23.844,6.2,mww,108,22,4.56,0.61,us,us7000k9jv,2023-08-26T20:54:23.040Z,"96 km ESE of Angoram, Papua New Guinea",earthquake,7.71,3.418,0.049,40,reviewed,us,us
2023-06-18T21:59:17.213Z,-48.6733,31.1318,8,6,mww,203,18,18.039,0.62,us,us7000k9fi,2023-08-26T20:54:22.040Z,south of Africa,earthquake,10.38,1.762,0.089,12,reviewed,us,us
2023-06-18T20:30:21.227Z,23.1671,-108.6922,4,6.4,mww,101,100,1.261,0.73,us,us7000k9f0,2023-08-26T20:54:15.040Z,Gulf of California,earthquake,5.68,1.597,0.033,88,reviewed,us,us
2023-06-17T11:26:20.456Z,-23.4652,-175.472,22,6.1,mww,54,60,2.298,0.35,us,us7000k96l,2023-08-21T04:19:18.040Z,"241 km SSW of ‘Ohonua, Tonga",earthquake,5.6,1.9,0.049,40,reviewed,us,us
2023-06-16T19:10:51.064Z,-23.5577,-175.6208,16,6.2,mww,120,24,2.408,0.94,us,us7000k91w,2023-08-21T04:19:13.040Z,"254 km SSW of ‘Ohonua, Tonga",earthquake,7.97,1.704,0.041,56,reviewed,us,us
2023-06-16T08:11:34.184Z,-23.5201,-175.9259,20,6,mww,178,62,2.433,0.46,us,us7000k8vq,2023-08-21T04:19:05.040Z,"261 km SSW of ‘Ohonua, Tonga",earthquake,5.52,1.745,0.063,24,reviewed,us,us
2023-06-15T02:19:23.272Z,13.7629,120.7203,112,6.2,mww,146,22,8.189,0.64,us,us7000k8jz,2023-08-21T04:18:57.040Z,"Mindoro, Philippines",earthquake,7.51,1.81,0.034,84,reviewed,us,us
2023-06-11T09:54:44.886Z,42.5268,141.9005,121,6.2,mww,143,31,1.064,0.53,us,us7000k7su,2023-08-21T04:18:40.040Z,"20 km WSW of Biratori, Japan",earthquake,5.62,1.905,0.032,94,reviewed,us,us
2023-05-31T02:21:23.997Z,-49.6093,163.8553,14.778,6.3,mww,138,52,3.934,0.86,us,us7000k54z,2023-08-05T22:07:41.040Z,"Auckland Islands, New Zealand region",earthquake,9.95,3.019,0.066,22,reviewed,us,us
2023-05-27T00:11:00.804Z,-18.4836,-175.1849,222,6,mww,142,24,1.136,0.57,us,us7000k4dc,2023-07-29T22:00:43.040Z,Tonga,earthquake,7.6,1.878,0.049,40,reviewed,us,us
2023-05-26T22:18:25.271Z,-39.0059,-91.372,10,6,mww,101,44,11.441,0.56,us,us7000k4cr,2023-07-29T22:00:43.040Z,West Chile Rise,earthquake,10.54,1.796,0.052,36,reviewed,us,us
2023-05-26T10:03:24.100Z,35.5294,140.5281,42,6.1,mww,259,51,2.102,0.57,us,us7000k46f,2023-07-29T22:00:40.040Z,"12 km SE of Narutō, Japan",earthquake,7.42,1.932,0.038,66,reviewed,us,us
2023-05-25T03:05:32.956Z,8.9223,-77.0904,13,6.5,mww,113,87,2.12,0.62,us,us7000k3n3,2023-07-29T22:00:35.040Z,"45 km NE of Puerto Obaldía, Panama",earthquake,6.62,1.815,0.044,49,reviewed,us,us
2023-05-24T15:49:34.402Z,-6.9484,129.5293,158,6.2,mww,289,23,2.439,0.59,us,us7000k3h5,2023-07-29T22:00:34.040Z,Banda Sea,earthquake,7.21,1.818,0.042,54,reviewed,us,us
2023-05-23T06:41:58.609Z,-22.9954,170.3067,10,6.1,mww,90,47,2.667,0.51,us,us7000k36n,2023-07-29T22:00:30.040Z,"290 km E of Vao, New Caledonia",earthquake,7.28,1.85,0.036,73,reviewed,us,us
2023-05-21T15:45:13.303Z,-10.2725,161.4437,82.297,6.1,mww,105,17,1.691,0.89,us,us6000kdnw,2023-07-29T22:00:26.040Z,"55 km WNW of Kirakira, Solomon Islands",earthquake,8.26,4.38,0.075,17,reviewed,us,us
2023-05-21T14:56:48.208Z,-43.3991,39.3035,28,6.8,mww,82,33,9.411,0.96,us,us6000kdmq,2023-07-29T22:00:26.040Z,Prince Edward Islands region,earthquake,9.75,1.845,0.071,19,reviewed,us,us
2023-05-20T02:09:54.333Z,-22.956,170.5524,10,6.5,mww,82,33,2.887,0.82,us,us6000kdcu,2023-07-24T01:15:39.040Z,,earthquake,8.15,1.636,0.028,119,reviewed,us,us
2023-05-17T23:01:59.919Z,15.1066,-90.8052,252,6.4,mww,349,37,1.556,0.86,us,us6000kcnb,2023-07-24T01:16:20.040Z,"8 km SE of Canillá, Guatemala",earthquake,6.92,1.674,0.024,174,reviewed,us,us
2023-05-05T05:42:04.365Z,37.5476,137.2994,10,6.2,mww,127,32,1.235,0.64,us,us6000k9mb,2023-08-01T03:01:15.072Z,"49 km NE of Anamizu, Japan",earthquake,8.07,1.833,0.061,26,reviewed,us,us
2023-04-28T03:13:48.476Z,-25.1498,178.4274,563,6.6,mww,127,46,5.212,0.9,us,us7000jwhe,2023-07-11T01:45:44.040Z,south of the Fiji Islands,earthquake,10.41,1.946,0.098,10,reviewed,us,us
2023-04-28T03:13:44.419Z,-25.1471,178.5065,587.56,6,mb,113,23,5.17,0.94,us,us7000jwhc,2023-07-11T01:45:46.040Z,south of the Fiji Islands,earthquake,9.6,3.635,0.023,676,reviewed,us,us
2023-04-22T08:23:42.033Z,-5.2611,125.585,4,6.2,mww,163,37,4.366,0.57,us,us6000k6ai,2023-07-03T02:46:42.040Z,Banda Sea,earthquake,6.72,1.838,0.052,35,reviewed,us,us
2023-04-19T09:06:03.150Z,-5.9496,149.635,40,6.3,mww,178,36,3.065,0.98,us,us6000k5gu,2023-07-03T02:47:09.040Z,"30 km NNE of Kandrian, Papua New Guinea",earthquake,4.62,1.943,0.043,53,reviewed,us,us
2023-04-18T04:31:42.284Z,-22.3188,179.4509,580,6.7,mww,155,19,4.737,0.69,us,us6000k587,2023-07-03T02:47:20.040Z,,earthquake,8.72,1.897,0.06,27,reviewed,us,us
2023-04-14T09:55:45.220Z,-6.0413,112.0478,597,7,mww,203,31,1.885,0.71,us,us6000k49j,2023-06-27T06:16:48.251Z,"Java, Indonesia",earthquake,9.21,1.944,0.055,32,reviewed,us,us
2023-04-13T15:54:53.808Z,49.215,-129.6178,7,6,mww,228,54,1.719,0.65,us,us6000k42y,2023-06-17T21:36:51.040Z,,earthquake,5.71,1.776,0.032,96,reviewed,us,us
2023-04-04T22:18:12.640Z,7.5671,-82.3345,16,6.3,mww,320,33,1.286,0.61,us,us6000k20g,2023-08-29T05:36:30.672Z,"73 km S of Boca Chica, Panama",earthquake,5.61,1.679,0.039,63,reviewed,us,us
2023-04-04T12:54:31.503Z,13.7318,125.5376,10,6.2,mww,287,25,6.621,0.49,us,us6000k1x2,2023-06-13T03:13:03.040Z,"124 km E of Gigmoto, Philippines",earthquake,7.7,1.799,0.04,59,reviewed,us,us
2023-04-03T14:59:41.845Z,0.8388,98.835,84,6.1,mww,145,38,1.341,0.85,us,us6000k1qa,2023-06-27T07:53:37.700Z,"77 km SW of Padangsidempuan, Indonesia",earthquake,5.56,1.521,0.062,25,reviewed,us,us
2023-04-03T03:06:57.235Z,52.7227,158.4935,101,6.5,mww,323,12,0.316,0.72,us,us6000k1mn,2023-06-13T03:13:19.040Z,"23 km SSE of Vilyuchinsk, Russia",earthquake,7.61,1.611,0.063,24,reviewed,us,us
2023-04-02T18:04:11.261Z,-4.3229,143.1658,70,7,mww,154,20,3.044,0.83,us,us6000k1id,2023-06-13T03:13:25.040Z,,earthquake,7.73,1.874,0.047,44,reviewed,us,us
2023-03-30T17:33:08.544Z,-35.6663,-73.4965,26,6.3,mww,151,52,1.107,0.56,us,us6000k0xf,2023-06-03T22:06:08.040Z,"105 km WSW of Constitución, Chile",earthquake,5.64,1.828,0.043,51,reviewed,us,us
2023-03-28T09:18:28.506Z,41.1434,142.8148,37,6,mww,272,44,0.908,0.51,us,us6000k09q,2023-06-03T22:06:03.040Z,"Hokkaido, Japan region",earthquake,5.51,1.932,0.053,34,reviewed,us,us
2023-03-27T22:19:15.181Z,-8.2322,158.9118,79,6.2,mww,324,11,1.576,0.72,us,us6000k05c,2023-06-03T22:06:02.040Z,Solomon Islands,earthquake,7.93,1.845,0.043,52,reviewed,us,us
2023-03-22T16:00:34.663Z,-23.4224,-66.4954,228,6.4,mww,249,23,1.618,0.91,us,us7000jlxu,2023-05-26T21:54:12.040Z,"86 km WSW of El Aguilar, Argentina",earthquake,8.26,1.855,0.044,50,reviewed,us,us
2023-03-21T16:47:23.626Z,36.523,70.943,192,6.5,mww,164,12,2.512,0.94,us,us7000jln7,2023-10-22T17:50:55.996Z,"40 km SSE of Jurm, Afghanistan",earthquake,6.23,1.842,0.057,30,reviewed,us,us
2023-03-18T17:12:52.481Z,-2.7834,-79.8518,68,6.8,mww,308,23,0.664,0.92,us,us7000jl3s,2023-11-20T01:45:42.293Z,"14 km NNW of Baláo, Ecuador",earthquake,6.49,1.818,0.038,68,reviewed,us,us
2023-03-16T00:56:00.149Z,-30.1741,-176.2047,10,7,mww,324,8,1.747,0.68,us,us7000jkbd,2023-05-20T23:20:28.040Z,Kermadec Islands region,earthquake,8.29,1.605,0.078,16,reviewed,us,us
2023-03-14T00:49:08.469Z,-5.4205,146.8342,213,6.3,mww,184,11,3.972,0.49,us,us7000jjp7,2023-05-20T23:20:21.040Z,"118 km E of Madang, Papua New Guinea",earthquake,7.35,1.727,0.041,57,reviewed,us,us
2023-03-04T06:41:23.113Z,-29.5023,-178.7965,211,6.9,mww,345,23,0.799,0.61,us,us7000jh99,2023-05-08T02:00:44.040Z,"Kermadec Islands, New Zealand",earthquake,9.91,1.901,0.045,47,reviewed,us,us
2023-03-02T18:04:30.810Z,-15.3766,166.3907,17,6.5,mww,70,45,5.522,1.23,us,usd000j5jt,2023-05-08T02:00:22.040Z,"83 km WSW of Port-Olry, Vanuatu",earthquake,7.88,0.407,0.043,52,reviewed,us,us
2023-03-01T05:36:14.834Z,-4.8255,149.5041,600.933,6.6,mww,156,11,2.725,0.76,us,us7000jgfd,2023-05-08T02:00:04.040Z,"106 km NW of Kimbe, Papua New Guinea",earthquake,7.68,1.992,0.059,28,reviewed,us,us
2023-02-25T21:24:47.577Z,-6.0883,149.828,34,6.2,mww,119,25,2.994,0.53,us,us6000jrlp,2023-04-29T21:57:40.040Z,"33 km ENE of Kandrian, Papua New Guinea",earthquake,7.59,1.813,0.046,46,reviewed,us,us
2023-02-25T13:27:43.704Z,42.8258,145.0212,55,6,mww,146,32,1.6,0.69,us,us6000jrjl,2023-04-29T21:57:37.040Z,"Hokkaido, Japan region",earthquake,7.61,1.905,0.052,35,reviewed,us,us
2023-02-23T20:02:47.541Z,3.2796,128.1356,92,6.3,mww,141,27,2.607,0.89,us,us6000jr32,2023-04-29T21:57:31.040Z,"172 km N of Tobelo, Indonesia",earthquake,6.8,1.873,0.056,31,reviewed,us,us
2023-02-23T00:37:38.163Z,38.0552,73.2287,9,6.9,mww,300,12,1.807,0.51,us,us6000jqxc,2023-04-29T21:57:28.040Z,"65 km WSW of Murghob, Tajikistan",earthquake,7.96,1.699,0.043,52,reviewed,us,us
2023-02-20T17:04:29.747Z,36.1616,36.0251,16,6.3,mww,146,26,1.387,0.95,us,us6000jqcn,2023-12-28T18:19:20.532Z,"2 km NNW of Uzunba?, Turkey",earthquake,4.9,0.943,0.031,97,reviewed,us,us
2023-02-17T09:37:34.656Z,-6.6176,132.106,39.742,6.1,mww,177,32,3.022,0.56,us,us6000jpl7,2023-04-22T21:33:16.040Z,"130 km SSW of Tual, Indonesia",earthquake,6.77,6.347,0.047,44,reviewed,us,us
2023-02-15T18:10:08.107Z,12.3099,123.8605,8,6.1,mww,193,38,5.476,0.6,us,us6000jp76,2023-04-22T21:33:11.040Z,"9 km NNE of Miaga, Philippines",earthquake,7.76,1.78,0.036,76,reviewed,us,us
2023-02-13T09:18:12.524Z,-29.3698,-178.9718,354,6.1,mww,120,34,0.919,1.07,us,us6000jnk5,2023-04-22T21:33:05.040Z,"Kermadec Islands, New Zealand",earthquake,9.97,1.679,0.049,40,reviewed,us,us
2023-02-06T12:02:11.275Z,38.0582,36.5114,8.516,6,mb,138,25,0.356,0.54,us,us6000jlrc,2023-04-15T21:39:37.040Z,"4 km NNE of Göksun, Turkey",earthquake,4.32,3.954,0.024,647,reviewed,us,us
2023-02-06T10:26:46.742Z,38.0315,38.0984,10,6,mb,65,63,1.111,0.88,us,us6000jm1y,2023-04-15T21:39:40.040Z,"12 km W of Çelikhan, Turkey",earthquake,4.28,1.605,0.081,57,reviewed,us,us
2023-02-06T01:28:15.784Z,37.1893,36.8929,9.797,6.7,mww,194,19,0.254,0.68,us,us6000jlm1,2023-09-22T20:09:20.631Z,"14 km E of Nurda??, Turkey",earthquake,7.68,3.333,0.098,10,reviewed,us,us
2023-02-01T10:44:46.067Z,7.7431,126.0566,19,6,mww,220,35,0.82,0.67,us,us6000jkpr,2023-12-28T19:41:06.896Z,,earthquake,7.94,1.827,0.047,44,reviewed,us,us
2023-01-26T10:45:52.834Z,-30.2115,-178.6615,131,6,mww,115,34,1.145,0.75,us,us6000jjcy,2023-04-11T18:51:34.040Z,,earthquake,9.98,1.846,0.055,32,reviewed,us,us
2023-01-24T18:36:58.973Z,-26.7196,-63.1128,580,6.4,mww,295,16,5.194,0.8,us,us6000jiyj,2023-04-11T18:51:29.040Z,"Santiago del Estero, Argentina",earthquake,8.33,1.861,0.035,79,reviewed,us,us
2023-01-20T22:09:39.053Z,-26.7506,-63.0824,596.837,6.8,mww,182,35,5.169,0.77,us,us7000j5x2,2023-03-31T19:45:45.040Z,,earthquake,9.37,2.786,0.047,43,reviewed,us,us
2023-01-20T11:23:40.603Z,16.1397,-62.1529,162,6.1,mww,160,18,0.526,0.49,us,us7000j5sc,2023-12-14T20:06:13.836Z,"40 km WSW of Pointe-Noire, Guadeloupe",earthquake,5.48,1.874,0.039,63,reviewed,us,us
2023-01-18T06:06:11.454Z,2.7306,127.0221,29.708,7,mwc,141,21,1.976,0.95,us,us7000j553,2023-10-09T22:58:31.015Z,"156 km NW of Tobelo, Indonesia",earthquake,6.7,3.131,0.027,133,reviewed,us,us
2023-01-18T00:34:45.151Z,-0.0116,123.1998,154,6,mww,303,19,1.109,0.93,us,us7000j511,2023-03-31T19:45:01.040Z,"62 km SSE of Gorontalo, Indonesia",earthquake,6.68,1.815,0.049,40,reviewed,us,us
2023-01-16T04:49:51.935Z,28.9804,139.3452,405,6.3,mww,345,11,3.134,0.59,us,us7000j4mj,2023-03-31T19:44:34.040Z,"Bonin Islands, Japan region",earthquake,5.55,1.813,0.032,96,reviewed,us,us
2023-01-15T22:29:58.940Z,1.9837,97.9979,37,6.1,mww,138,32,0.796,0.52,us,us7000j4kr,2023-03-31T19:44:29.040Z,"40 km SE of Singkil, Indonesia",earthquake,6.09,1.851,0.039,63,reviewed,us,us
2023-01-08T12:32:42.372Z,-14.9467,166.8791,29,7,mww,116,36,6.096,0.57,us,us7000j2yw,2023-03-20T06:02:58.040Z,"23 km WNW of Port-Olry, Vanuatu",earthquake,7.75,1.851,0.042,54,reviewed,us,us
2023-01-05T14:25:53.019Z,36.4738,70.7455,203,6,mww,108,22,2.377,0.73,us,us7000j2b9,2023-03-11T22:51:41.040Z,"44 km S of Jurm, Afghanistan",earthquake,7.14,1.888,0.039,62,reviewed,us,us
2022-12-28T16:34:19.271Z,-21.2566,171.3773,4,6.1,mww,221,23,3.891,0.56,us,us7000j0n4,2023-03-07T18:59:56.040Z,,earthquake,7.23,1.746,0.047,44,reviewed,us,us
2022-12-20T10:34:24.770Z,40.525,-124.423,17.91,6.4,mw,38,214,0.0818,0.18,nc,nc73821036,2023-12-13T02:59:56.915Z,"15km WSW of Ferndale, CA",earthquake,0.67,0.4,,0,reviewed,nc,nc
2022-12-14T18:40:26.898Z,51.6079,178.5971,73,6.3,mww,248,31,0.345,1.2,us,us6000j985,2023-12-14T18:50:38.139Z,"Rat Islands, Aleutian Islands, Alaska",earthquake,6.02,1.792,0.045,47,reviewed,us,us
2022-12-11T14:31:29.051Z,17.1801,-100.53,18,6,mww,179,119,1.913,0.75,us,us6000j8lp,2023-11-21T04:50:20.904Z,"7 km W of Corral Falso, Mexico",earthquake,6.68,1.672,0.043,53,reviewed,us,us
2022-12-04T19:24:15.394Z,-15.3497,-172.9867,38,6.8,mww,152,26,2.587,0.66,us,us6000j6w8,2023-02-11T23:03:06.040Z,"109 km NE of Hihifo, Tonga",earthquake,7.51,1.866,0.056,31,reviewed,us,us
2022-11-23T01:08:15.435Z,40.8356,30.9831,10,6.1,mww,286,14,0.399,0.64,us,us7000irp8,2023-06-04T23:14:30.895Z,"15 km W of Düzce, Turkey",earthquake,5.05,1.647,0.052,35,reviewed,us,us
2022-11-22T16:39:05.789Z,30.7936,-116.3907,10,6.2,mww,164,61,0.494,0.75,us,us7000irjd,2023-03-30T07:15:48.466Z,"28 km SW of Las Brisas, Mexico",earthquake,4.14,1.745,0.029,118,reviewed,us,us
2022-11-22T02:37:57.529Z,-9.8203,159.4589,10,6,mww,92,25,0.613,0.7,us,us7000irfm,2023-01-30T06:00:43.040Z,Solomon Islands,earthquake,5.72,1.737,0.098,10,reviewed,us,us
2022-11-22T02:03:06.891Z,-9.8198,159.6033,14,7,mww,117,17,0.509,0.58,us,us7000irfb,2023-01-30T06:00:41.040Z,"18 km SW of Malango, Solomon Islands",earthquake,6.26,1.711,0.055,32,reviewed,us,us
2022-11-18T13:37:08.687Z,-4.9043,100.7862,25,6.9,mww,99,34,2.229,0.52,us,us7000iqpn,2023-01-28T19:58:26.040Z,"204 km SW of Bengkulu, Indonesia",earthquake,6.86,1.872,0.05,39,reviewed,us,us
2022-11-14T08:08:26.124Z,33.8139,137.3055,346,6.1,mww,274,28,1.127,0.63,us,us7000ipkm,2023-01-28T19:58:14.040Z,"85 km SSE of Toba, Japan",earthquake,7.92,1.907,0.042,54,reviewed,us,us
2022-11-14T05:04:11.890Z,-26.0027,178.2034,630.185,6.1,mww,109,27,8.219,0.66,us,us7000ipkb,2023-01-28T19:58:13.040Z,south of the Fiji Islands,earthquake,10.13,3.307,0.053,34,reviewed,us,us
2022-11-13T02:24:57.830Z,-37.4652,-73.6757,18,6.2,mww,104,94,0.814,0.89,us,us7000ipe4,2023-01-28T19:58:11.040Z,"Near the coast of Bio-Bio, Chile",earthquake,6.67,1.743,0.069,20,reviewed,us,us
2022-11-12T07:09:13.514Z,-20.1112,-178.3453,579,7,mww,147,18,3.125,0.73,us,us7000ip8h,2023-01-28T19:58:09.040Z,,earthquake,9.87,1.962,0.06,27,reviewed,us,us
2022-11-09T10:14:33.810Z,-25.5781,178.2612,624.464,6.6,mww,131,27,4.998,0.65,us,us7000inht,2023-01-21T19:27:16.040Z,,earthquake,9.57,4.605,0.098,10,reviewed,us,us
2022-11-09T09:51:04.068Z,-26.0901,178.3427,660,7,mwb,142,26,4.578,0.66,us,us7000ingi,2023-01-21T19:27:16.040Z,south of the Fiji Islands,earthquake,10.35,1.971,0.038,66,reviewed,us,us
2022-11-09T09:38:42.828Z,-26.0077,178.2776,630.379,6.8,mww,136,22,4.678,0.74,us,us7000ingh,2023-01-21T19:27:16.040Z,south of the Fiji Islands,earthquake,8.79,3.199,0.051,37,reviewed,us,us
2022-11-04T10:02:46.346Z,28.1573,-112.3106,10,6.1,mww,150,91,0.837,0.38,us,us7000imgl,2023-03-08T18:20:14.734Z,"82 km SSW of Bahía de Kino, Mexico",earthquake,5.62,1.847,0.039,63,reviewed,us,us
2022-11-02T14:17:53.832Z,-60.7841,-25.7774,25,6.1,mww,139,31,8.689,0.3,us,us7000ilyk,2023-01-12T23:11:03.040Z,South Sandwich Islands region,earthquake,9.92,1.864,0.052,36,reviewed,us,us
2022-11-02T04:53:13.239Z,31.5042,-133.351,10,6,mww,452,23,10.528,0.65,us,us7000ilwt,2023-01-12T23:11:00.040Z,North Pacific Ocean,earthquake,6.68,1.428,0.038,65,reviewed,us,us
2022-10-25T14:59:00.085Z,17.6609,120.8147,6,6.4,mww,124,25,5.137,0.55,us,us6000iwds,2023-06-07T07:51:43.943Z,"11 km E of Dolores, Philippines",earthquake,7.31,1.778,0.05,38,reviewed,us,us
2022-10-25T00:13:01.678Z,-58.7769,-26.1414,79,6.3,mww,114,28,7.278,0.65,us,us6000iw74,2023-01-03T15:23:37.040Z,,earthquake,6.32,1.849,0.062,25,reviewed,us,us
2022-10-20T11:57:12.575Z,7.6901,-82.3342,20,6.7,mww,145,37,1.151,1.02,us,us6000iv6c,2022-12-31T23:03:41.040Z,"60 km SSW of Boca Chica, Panama",earthquake,4.36,1.731,0.033,90,reviewed,us,us
2022-10-16T12:48:21.665Z,4.3584,-87.5675,15,6.3,mww,158,80,5.689,0.38,us,us6000iu4b,2022-12-31T23:03:34.040Z,off the coast of Central America,earthquake,7.01,1.856,0.039,63,reviewed,us,us
2022-10-13T22:20:20.620Z,-4.812,153.5906,72,6.4,mww,129,20,1.55,0.65,us,us6000itgv,2022-12-17T22:54:03.040Z,"155 km ESE of Kokopo, Papua New Guinea",earthquake,5.07,1.754,0.049,40,reviewed,us,us
2022-10-09T16:38:04.811Z,-1.3636,-23.9041,10,6.2,mww,64,43,11.532,0.85,us,us6000isau,2022-12-17T22:53:46.040Z,central Mid-Atlantic Ridge,earthquake,8.55,1.809,0.036,74,reviewed,us,us
2022-10-01T01:18:53.386Z,53.7049,-35.5074,10,6,mww,130,24,9.178,0.77,us,us6000ipva,2023-10-05T07:51:18.140Z,Reykjanes Ridge,earthquake,8.88,1.787,0.03,106,reviewed,us,us
2022-09-29T03:03:24.073Z,-60.8308,-20.025,11,6.5,mww,125,37,10.987,0.68,us,us6000ip57,2022-12-03T22:02:37.040Z,east of the South Sandwich Islands,earthquake,8.93,1.683,0.049,40,reviewed,us,us
2022-09-23T22:53:27.870Z,-41.3788,-75.5767,20,6.1,mww,233,49,1.582,0.6,us,us7000iam0,2022-12-02T19:49:24.851Z,"156 km WNW of Ancud, Chile",earthquake,6.71,1.763,0.044,49,reviewed,us,us
2022-09-23T20:52:58.398Z,3.8109,96.0514,42.181,6.2,mww,197,20,1.668,0.73,us,us7000iaka,2022-11-26T20:58:00.040Z,"37 km SSW of Meulaboh, Indonesia",earthquake,6.54,3.541,0.059,28,reviewed,us,us
2022-09-22T06:16:09.459Z,18.2633,-102.9554,20,6.8,mww,175,92,2.137,0.66,us,us7000ia36,2022-11-26T20:57:52.040Z,"55 km SSW of Aguililla, Mexico",earthquake,5.51,1.661,0.045,48,reviewed,us,us
2022-09-20T18:23:42.896Z,55.5042,166.3282,10,6,mww,267,52,5.141,0.62,us,us7000i9l5,2022-11-26T20:57:46.040Z,"254 km ESE of Ust’-Kamchatsk Staryy, Russia",earthquake,8.72,1.768,0.03,105,reviewed,us,us
2022-09-18T06:44:13.846Z,23.138,121.3439,10,6.9,mww,215,34,0.401,0.58,us,us7000i90q,2023-12-07T09:43:34.002Z,"90 km E of Yujing, Taiwan",earthquake,6.07,1.822,0.038,68,reviewed,us,us
2022-09-17T13:41:17.890Z,23.1191,121.4138,10,6.5,mww,178,54,0.43,0.75,us,us7000i8ui,2023-12-01T13:55:55.227Z,"96 km SE of Lugu, Taiwan",earthquake,7.54,1.746,0.038,67,reviewed,us,us
2022-09-14T11:04:06.558Z,-21.1909,170.2666,137,7,mww,192,45,2.977,0.65,us,us7000i7ya,2022-11-19T23:03:11.040Z,"209 km SSE of Isangel, Vanuatu",earthquake,7.64,1.934,0.047,43,reviewed,us,us
2022-09-10T23:10:43.721Z,-1.149,98.654,20,6,mww,268,18,2.664,0.61,us,us6000iisb,2022-11-19T23:02:15.040Z,"173 km WSW of Pariaman, Indonesia",earthquake,6.9,1.696,0.05,39,reviewed,us,us
2022-09-10T00:05:12.947Z,-2.2313,138.1784,21,6.2,mww,150,24,5.963,0.62,us,us6000iikp,2022-11-19T23:02:11.040Z,"260 km ESE of Biak, Indonesia",earthquake,7.75,1.788,0.046,45,reviewed,us,us
2022-09-09T23:31:47.409Z,-2.2492,138.1979,18,6.2,mww,142,15,5.98,0.64,us,us6000iika,2022-11-15T19:05:55.040Z,"Papua, Indonesia",earthquake,3.4,1.711,0.047,43,reviewed,us,us
2022-09-05T04:52:19.645Z,29.6786,102.236,12,6.6,mww,141,34,8.454,0.52,us,us7000i59t,2023-11-03T03:49:31.226Z,"44 km SE of Kangding, China",earthquake,8.19,1.746,0.04,59,reviewed,us,us
2022-09-04T23:57:31.734Z,-56.0375,-124.478,10,6.2,mww,74,69,28.267,0.75,us,us7000i585,2022-11-15T19:06:06.040Z,southern East Pacific Rise,earthquake,12.82,1.807,0.063,24,reviewed,us,us
2022-09-04T09:42:18.219Z,-0.9339,-21.7155,10,6.9,mww,107,37,10.102,0.51,us,us7000i53f,2022-11-15T19:06:04.040Z,central Mid-Atlantic Ridge,earthquake,8.62,1.248,0.035,78,reviewed,us,us
2022-09-02T22:39:51.520Z,-5.6524,148.7121,125,6.1,mww,161,17,3.733,0.84,us,us7000i4st,2022-11-06T04:35:47.040Z,"110 km WNW of Kandrian, Papua New Guinea",earthquake,7.77,1.872,0.045,48,reviewed,us,us
2022-08-30T09:09:43.266Z,-54.6506,-136.1522,10,6.3,mww,155,33,28.223,0.38,us,us7000i3mp,2022-11-06T04:37:37.040Z,,earthquake,3.78,1.849,0.069,20,reviewed,us,us
2022-08-29T03:29:13.691Z,-0.988,98.6046,17,6.2,mww,118,23,2.498,0.64,us,us7000i38s,2023-03-16T05:38:40.641Z,"173 km WSW of Pariaman, Indonesia",earthquake,6.77,1.603,0.06,27,reviewed,us,us
2022-08-23T14:31:39.374Z,-5.0926,103.079,45.258,6.2,mww,115,42,0.738,0.72,us,us6000id0t,2023-06-19T04:44:31.103Z,"119 km S of Pagar Alam, Indonesia",earthquake,5.19,3.158,0.046,46,reviewed,us,us
2022-08-14T21:04:44.737Z,-22.0781,170.966,78,6.4,mww,126,31,3.301,0.65,us,us6000iav7,2022-10-28T02:25:59.040Z,,earthquake,7.75,1.857,0.039,62,reviewed,us,us
2022-08-14T13:44:19.694Z,-32.7361,-179.0088,30,6.6,mww,68,34,5.293,0.61,us,us6000iasi,2022-10-28T02:25:54.040Z,south of the Kermadec Islands,earthquake,5.55,1.839,0.059,28,reviewed,us,us
2022-07-28T04:15:03.913Z,-21.9311,-70.3386,54,6.1,mww,129,25,0.556,0.9,us,us6000i636,2022-10-01T22:09:25.040Z,"22 km NW of Tocopilla, Chile",earthquake,4.61,1.815,0.036,73,reviewed,us,us
2022-07-27T18:58:58.306Z,-22.1876,-68.5789,112,6.2,mww,113,30,0.728,1.09,us,us6000i5zi,2022-10-01T22:09:24.040Z,"Antofagasta, Chile",earthquake,6.94,1.835,0.04,61,reviewed,us,us
2022-07-27T00:43:26.871Z,17.5207,120.8181,33.729,7,mww,152,22,5.276,0.6,us,us6000i5rd,2023-07-20T12:36:34.994Z,"11 km NE of Bantay, Philippines",earthquake,7.93,2.766,0.044,50,reviewed,us,us
2022-07-15T19:37:22.791Z,-44.6215,-79.6496,24.499,6.4,mww,132,80,5.721,0.81,us,us6000i2v0,2022-09-24T21:25:32.040Z,"Off the coast of Aisen, Chile",earthquake,9.64,3.526,0.05,38,reviewed,us,us
2022-07-12T19:16:58.460Z,-22.5907,-114.2583,10,6.8,mww,213,30,6.355,0.86,us,us6000i1wg,2022-11-23T14:49:06.958Z,Easter Island region,earthquake,9.25,1.72,0.04,59,reviewed,us,us
2022-07-11T21:10:47.785Z,-18.1404,168.9678,10,6,mww,117,41,3.167,0.7,us,us6000i1ms,2022-09-24T21:25:55.040Z,"82 km ESE of Port-Vila, Vanuatu",earthquake,7.45,1.755,0.06,27,reviewed,us,us
2022-07-01T23:25:13.465Z,26.8878,55.3213,9,6,mwb,379,20,2.091,0.6,us,us6000hz9v,2022-09-03T21:03:28.040Z,,earthquake,7.08,1.722,0.028,126,reviewed,us,us
2022-07-01T21:32:07.977Z,26.9061,55.2389,16,6,mww,191,19,2.137,0.67,us,us6000hz8x,2022-09-03T21:03:27.040Z,"52 km NE of Bandar-e Lengeh, Iran",earthquake,7.1,1.707,0.057,30,reviewed,us,us
2022-06-30T18:40:36.938Z,19.0236,121.3363,30,6,mww,144,26,3.782,1.01,us,us6000hywe,2022-09-03T21:03:23.040Z,"49 km NNE of Namuac, Philippines",earthquake,8,1.8,0.042,55,reviewed,us,us
2022-06-21T20:54:34.410Z,33.0203,69.4639,4,6,mww,206,15,1.557,0.83,us,us7000hj3u,2023-02-01T23:54:11.900Z,"55 km SW of Kh?st, Afghanistan",earthquake,6.65,1.667,0.098,10,reviewed,us,us
2022-06-08T00:55:46.777Z,-9.0472,-71.1783,622.73,6.5,mww,236,31,1.999,0.74,us,us7000hfrj,2022-08-13T21:53:07.040Z,"107 km SSW of Tarauacá, Brazil",earthquake,9.09,2.853,0.049,40,reviewed,us,us
2022-06-04T23:38:12.123Z,52.0536,178.2682,105,6.3,mww,355,10,0.174,0.66,us,us7000hf1u,2023-06-04T23:48:15.910Z,"Rat Islands, Aleutian Islands, Alaska",earthquake,3.97,1.703,0.024,162,reviewed,us,us
2022-06-04T13:17:48.196Z,-57.7238,148.6769,10,6.4,mww,247,39,6.594,0.63,us,us7000hexr,2022-08-13T21:52:47.040Z,west of Macquarie Island,earthquake,9.3,1.7,0.098,10,reviewed,us,us
2022-06-04T13:07:25.926Z,-17.9601,-174.9679,237,6.3,mww,255,21,4.729,0.75,us,us7000hexp,2022-08-13T21:52:47.040Z,"129 km NW of Neiafu, Tonga",earthquake,7.7,1.9,0.037,71,reviewed,us,us
2022-05-27T02:36:05.556Z,-8.2572,127.2079,49,6.2,mww,118,19,3.264,1.32,us,us7000hcwg,2022-08-02T19:50:56.040Z,"37 km NE of Lospalos, Timor Leste",earthquake,6.9,1.8,0.075,17,reviewed,us,us
2022-05-26T18:10:04.775Z,-49.7722,-114.9698,10,6.2,mww,90,55,26.873,1.21,us,us7000hct4,2022-08-02T19:50:55.040Z,southern East Pacific Rise,earthquake,12.1,1.8,0.083,14,reviewed,us,us
2022-05-26T15:37:58.560Z,-22.8282,172.1298,15,6.6,mww,302,16,4.329,0.9,us,us7000hcqw,2022-08-02T19:50:53.040Z,southeast of the Loyalty Islands,earthquake,6.7,1.7,0.073,18,reviewed,us,us
2022-05-22T15:17:31.327Z,33.2279,141.4121,12,6,mww,126,52,1.345,0.63,us,us6000hn4d,2022-08-02T19:50:40.040Z,"235 km SSE of Katsuura, Japan",earthquake,7,1.8,0.042,55,reviewed,us,us
2022-05-22T07:06:28.470Z,-26.2125,178.4501,603.79,6.3,mww,107,20,4.424,0.5,us,us6000hn1e,2022-08-02T19:50:39.040Z,south of the Fiji Islands,earthquake,10.1,7.8,0.037,71,reviewed,us,us
2022-05-21T21:50:48.047Z,14.0187,120.6494,129,6.1,mww,270,11,8.435,1.04,us,us6000hmz8,2022-08-02T19:50:38.040Z,"1 km S of Lian, Philippines",earthquake,8.7,1.8,0.033,90,reviewed,us,us
2022-05-19T10:13:31.625Z,-54.132,159.0545,10,6.9,mww,127,45,0.371,0.97,us,us6000hm9j,2022-07-24T02:40:16.040Z,,earthquake,7.3,1.7,0.078,16,reviewed,us,us
2022-05-10T23:06:32.368Z,-23.496,-66.6519,220,6.8,mww,162,30,1.505,0.87,us,us7000h8g3,2022-08-12T11:38:28.703Z,"86 km NNW of San Antonio de los Cobres, Argentina",earthquake,9.4,1.9,0.062,25,reviewed,us,us
2022-05-09T22:33:06.873Z,-3.3591,146.3506,10,6.3,mww,110,35,5.859,0.83,us,us7000h87i,2022-08-09T06:41:47.400Z,"178 km SW of Lorengau, Papua New Guinea",earthquake,7.5,1.1,0.054,33,reviewed,us,us
2022-05-09T06:23:02.067Z,24.0406,122.4888,21,6.2,mww,200,34,0.638,0.34,us,us7000h82f,2022-07-22T18:31:08.040Z,"70 km SW of Yonakuni, Japan",earthquake,6.1,1.8,0.049,40,reviewed,us,us
2022-05-05T08:21:15.666Z,6.5295,127.1315,18,6,mww,124,72,1.632,0.48,us,us7000h781,2022-07-09T21:40:02.040Z,"94 km SE of Lukatan, Philippines",earthquake,4.9,1.8,0.043,51,reviewed,us,us
2022-04-28T13:21:13.122Z,-3.9148,146.6901,10,6.1,mww,83,29,1.978,1.19,us,us7000h5mc,2022-08-09T06:32:19.622Z,"175 km NE of Madang, Papua New Guinea",earthquake,6.7,1.3,0.057,30,reviewed,us,us
2022-04-21T07:42:46.508Z,11.5537,-86.9604,27,6.6,mww,,94,0.914,0.69,us,us6000hf75,2022-06-26T01:20:26.040Z,"55 km WSW of Masachapa, Nicaragua",earthquake,5,1.8,0.037,70,reviewed,us,us
2022-04-20T21:57:43.018Z,6.9686,126.9241,19,6,mww,,22,1.338,0.95,us,us6000hf49,2022-06-26T01:20:15.040Z,"50 km ESE of Manay, Philippines",earthquake,6.4,1.7,0.044,50,reviewed,us,us
2022-04-19T01:23:07.057Z,7.2852,126.9533,19,6.1,mww,,42,1.38,0.96,us,us7000h373,2022-06-26T01:19:27.040Z,"41 km E of Santiago, Philippines",earthquake,6.8,1.7,0.045,47,reviewed,us,us
2022-04-17T07:46:35.635Z,-15.7044,167.8457,196,6.1,mww,,35,0.67,0.55,us,us7000h2u9,2022-06-26T01:18:45.040Z,Vanuatu,earthquake,8.3,1.9,0.04,59,reviewed,us,us
2022-04-13T03:00:56.312Z,-4.4297,152.0242,149,6.1,mww,,15,0.274,0.78,us,us7000h1lv,2022-06-20T22:08:01.040Z,"28 km WSW of Kokopo, Papua New Guinea",earthquake,7.2,1.7,0.044,49,reviewed,us,us
2022-04-09T20:52:38.456Z,-16.3146,166.8601,17,6.3,mww,,18,0.923,0.61,us,us7000h0yj,2022-06-20T22:07:36.040Z,"63 km WSW of Norsup, Vanuatu",earthquake,6.4,1.7,0.044,49,reviewed,us,us
2022-04-04T16:06:57.662Z,-17.4723,167.8625,31,6,mww,,32,2.11,0.82,us,usd000h551,2022-06-11T20:21:22.040Z,"56 km WNW of Port-Vila, Vanuatu",earthquake,6.9,1.8,0.046,45,reviewed,us,us
2022-03-31T19:50:40.985Z,-22.6577,170.8084,20,6.4,mww,,33,3.106,0.97,us,us7000gysz,2022-08-06T07:29:19.737Z,southeast of the Loyalty Islands,earthquake,7.9,1.8,0.034,81,reviewed,us,us
2022-03-31T05:44:01.146Z,-22.586,170.3744,10,7,mww,,26,2.705,0.82,us,us7000gymk,2022-08-13T00:59:26.724Z,southeast of the Loyalty Islands,earthquake,7.1,1.8,0.057,30,reviewed,us,us
2022-03-30T20:56:58.105Z,-22.666,170.3659,10,6.9,mww,,42,2.697,1.07,us,us7000gyj0,2022-06-04T20:42:25.040Z,"284 km ESE of Tadine, New Caledonia",earthquake,8,1.8,0.066,22,reviewed,us,us
2022-03-23T21:57:00.144Z,-15.0687,167.4522,115,6,mww,,20,0.446,0.74,us,us7000gwpw,2022-05-28T18:35:28.040Z,Vanuatu,earthquake,8.3,1.8,0.039,63,reviewed,us,us
2022-03-22T17:41:38.584Z,23.3839,121.6118,24,6.7,mww,,32,0.289,0.83,us,us6000h6nr,2022-08-10T03:20:17.453Z,"65 km S of Hualien City, Taiwan",earthquake,4.5,1.7,0.083,14,reviewed,us,us
2022-03-22T16:35:08.019Z,10.7447,-43.382,10,6.7,mww,,27,10.744,0.79,us,us6000h6ne,2022-05-28T18:35:25.040Z,,earthquake,8.9,0.9,0.055,32,reviewed,us,us
2022-03-20T18:10:43.285Z,-28.659,-177.3532,44,6,mww,,31,0.779,1.16,us,us6000h67z,2022-05-28T18:35:21.040Z,Kermadec Islands region,earthquake,7.9,1.8,0.059,28,reviewed,us,us
2022-03-19T21:24:22.127Z,-25.2976,-176.2998,21,6.3,mww,,26,4.203,0.68,us,us6000h62z,2022-08-06T08:31:01.896Z,,earthquake,8.9,1.8,0.043,52,reviewed,us,us
2022-03-16T14:34:27.453Z,37.6468,141.6735,57.18,6,mwb,,51,2.981,0.67,us,us6000h518,2022-05-27T14:55:29.040Z,"62 km ENE of Namie, Japan",earthquake,7.5,6.4,0.046,46,reviewed,us,us
2022-03-13T21:09:22.258Z,-0.6294,98.6259,28,6.7,mww,,43,2.188,0.92,us,us6000h48e,2022-05-27T14:55:19.040Z,"166 km W of Pariaman, Indonesia",earthquake,5.2,1.8,0.062,25,reviewed,us,us
2022-03-13T21:05:49.469Z,14.096,119.3811,11,6.4,mww,,28,8.823,0.88,us,us6000h48d,2022-05-27T14:55:19.040Z,"75 km WNW of Cabra, Philippines",earthquake,6.7,1.7,0.033,87,reviewed,us,us
2022-03-07T05:34:18.525Z,-20.3752,-178.4045,581.83,6.1,mww,,19,4.251,0.98,us,us6000h2nu,2022-05-16T11:32:13.723Z,Fiji region,earthquake,9.8,3.3,0.052,35,reviewed,us,us
2022-03-06T20:14:31.244Z,-58.7315,-24.9167,20,6,mww,,31,7.796,1.15,us,us6000h2l5,2022-05-14T21:52:19.040Z,,earthquake,9.7,1.8,0.048,42,reviewed,us,us
2022-03-02T12:52:07.344Z,-30.0751,-177.7264,24,6.6,mww,,46,0.827,0.68,us,us6000h1d2,2022-08-06T09:27:47.178Z,"Kermadec Islands, New Zealand",earthquake,7.2,1.8,0.058,29,reviewed,us,us
2022-02-25T01:39:26.554Z,0.219,100.1006,4,6.1,mww,,25,0.945,1.37,us,us6000gzyg,2023-06-27T07:50:39.859Z,"65 km NNW of Bukittinggi, Indonesia",earthquake,5.9,1.7,0.052,35,reviewed,us,us
2022-02-22T06:12:50.740Z,-22.6664,-66.2663,251,6,mww,,33,1.787,0.42,us,us7000gmw3,2022-05-04T13:39:39.040Z,"58 km W of Abra Pampa, Argentina",earthquake,7.4,1.9,0.036,74,reviewed,us,us
2022-02-21T23:24:13.721Z,-69.7739,165.3918,14,6.3,mww,,18,7.847,0.75,us,us7000gmtt,2022-05-04T13:39:32.040Z,Balleny Islands region,earthquake,8.8,1.7,0.068,21,reviewed,us,us
2022-02-16T20:21:06.737Z,-23.7682,179.9981,535,6.8,mww,,12,5.78,0.95,us,us7000glex,2022-04-30T14:18:20.040Z,south of the Fiji Islands,earthquake,5.7,1.9,0.057,30,reviewed,us,us
2022-02-16T07:12:22.847Z,14.1476,-91.3982,60,6.2,mww,,32,1.129,1.11,us,us7000gl8w,2022-11-12T05:29:59.830Z,"12 km WSW of Nueva Concepción, Guatemala",earthquake,6.5,1.8,0.033,86,reviewed,us,us
2022-02-13T20:29:46.350Z,11.7884,144.2842,15,6,mww,,42,1.878,0.94,us,us7000gklv,2023-02-13T20:42:03.581Z,"168 km SSW of Merizo Village, Guam",earthquake,9.1,1.8,0.043,51,reviewed,us,us
2022-02-08T11:59:25.311Z,-0.417,-19.8913,10,6.2,mww,,35,9.28,0.41,us,us7000gj2g,2022-08-06T11:12:45.386Z,central Mid-Atlantic Ridge,earthquake,8.2,1.8,0.062,25,reviewed,us,us
2022-02-04T20:25:09.549Z,-48.033,99.4949,10,6.3,mww,,41,18.979,0.62,us,us7000gi25,2022-04-15T17:57:23.040Z,southeast Indian Ridge,earthquake,8.9,1.7,0.045,47,reviewed,us,us
2022-02-03T15:58:57.367Z,-4.4661,-76.9283,110,6.5,mww,,22,3.026,0.72,us,us7000ghm5,2022-04-15T17:57:16.040Z,"49 km NW of Barranca, Peru",earthquake,6.6,1.8,0.059,28,reviewed,us,us
2022-02-01T19:25:10.031Z,-7.483,128.3132,119,6,mww,,14,3,0.8,us,us7000gh1g,2022-04-15T17:57:11.040Z,"184 km NE of Lospalos, Timor Leste",earthquake,4.3,1.8,0.047,43,reviewed,us,us
2022-01-29T02:46:39.588Z,-29.5642,-176.7217,8,6.5,mww,,57,1.088,1.3,us,us7000gg3w,2022-04-15T17:57:01.040Z,Kermadec Islands region,earthquake,9.5,1.8,0.048,41,reviewed,us,us
2022-01-28T11:14:09.293Z,5.4966,-82.5844,8,6,mww,,57,3.277,0.46,us,us7000gfti,2022-08-21T19:47:32.328Z,"281 km SW of Arenas, Panama",earthquake,5.5,1.6,0.031,102,reviewed,us,us
2022-01-27T06:40:05.543Z,-19.0992,-176.3135,6.2,6.2,mww,,45,5.069,0.51,us,us7000gfhb,2022-04-09T20:19:09.040Z,"220 km WNW of Pangai, Tonga",earthquake,8.9,3.5,0.059,28,reviewed,us,us
2022-01-25T01:24:33.513Z,-55.3696,-28.7839,11,6,mww,,27,4.586,0.84,us,us7000gery,2022-08-06T12:50:08.300Z,South Sandwich Islands region,earthquake,9.4,1.7,0.055,32,reviewed,us,us
2022-01-22T05:17:04.896Z,53.2402,-166.682,29,6.2,mww,,95,0.566,0.94,us,us7000ge5q,2023-01-22T05:27:05.768Z,"71 km S of Unalaska, Alaska",earthquake,4.7,1.9,0.038,68,reviewed,us,us
2022-01-22T02:26:13.323Z,3.6724,126.6596,21,6,mww,,34,2.966,0.96,us,us7000ge38,2022-04-09T20:18:46.040Z,"232 km SE of Sarangani, Philippines",earthquake,6,1.8,0.048,42,reviewed,us,us
2022-01-21T16:08:37.210Z,32.7282,132.0386,39,6.3,mww,,25,1.813,1.11,us,us7000gdwz,2023-02-10T15:51:03.910Z,"27 km SSE of Saiki, Japan",earthquake,5.8,1.9,0.073,18,reviewed,us,us
2022-01-16T12:52:08.025Z,-6.4492,154.8224,379,6.1,mww,,20,3.469,0.66,us,us7000gcfv,2022-04-01T17:40:13.040Z,"74 km WSW of Panguna, Papua New Guinea",earthquake,8.8,2,0.042,54,reviewed,us,us
2022-01-14T09:05:41.461Z,-6.86,105.2887,33,6.6,mww,,22,2.418,0.54,us,us7000gbu4,2023-06-19T04:41:11.580Z,"80 km SW of Labuan, Indonesia",earthquake,3.5,1.7,0.063,24,reviewed,us,us
2022-01-11T12:39:32.454Z,52.5791,-168.3275,19,6.6,mww,,49,0.507,0.52,us,us7000gawk,2023-12-28T04:33:55.254Z,"53 km SE of Nikolski, Alaska",earthquake,4,1.7,0.058,29,reviewed,us,us
2022-01-11T11:35:43.674Z,52.3415,-167.7554,20,6.8,mww,,61,0.92,0.56,us,us7000gavu,2023-12-28T04:35:56.061Z,"100 km SE of Nikolski, Alaska",earthquake,4.2,1.8,0.051,37,reviewed,us,us
2022-01-11T01:07:48.064Z,35.2267,31.9435,21,6.6,mww,,21,1.168,0.71,us,us7000gaqu,2022-06-08T04:06:23.087Z,"48 km WNW of Pólis, Cyprus",earthquake,4.8,1.7,0.045,47,reviewed,us,us
2022-01-10T00:06:30.834Z,-33.7823,179.574,7,6.2,mww,,55,4.892,1.21,us,us7000gag3,2022-08-06T14:41:57.275Z,south of the Kermadec Islands,earthquake,8.1,1.7,0.042,54,reviewed,us,us
2022-01-07T17:45:30.809Z,37.8283,101.29,13,6.6,mww,,13,2.685,0.69,us,us7000g9zq,2022-05-20T05:35:37.367Z,"northern Qinghai, China",earthquake,7,1.7,0.08,15,reviewed,us,us
2022-01-06T16:25:05.973Z,11.9367,-87.1371,17,6.1,mww,,43,0.732,1.24,us,us7000g9nb,2022-04-21T08:02:25.242Z,near the coast of Nicaragua,earthquake,4.9,1.7,0.034,81,reviewed,us,us
2022-01-04T20:55:46.858Z,-4.8065,125.0808,544,6,mww,,10,4.393,0.99,us,us7000g90c,2022-03-12T22:19:07.040Z,"284 km E of Katabu, Indonesia",earthquake,7.5,1.9,0.048,42,reviewed,us,us
2022-01-03T09:46:35.767Z,24.0079,122.2592,19,6.2,mww,,66,0.629,0.9,us,us7000g8n3,2022-12-15T04:25:35.010Z,"66 km E of Hualien City, Taiwan",earthquake,4.4,1.7,0.053,34,reviewed,us,us
2022-01-03T02:09:44.647Z,-13.1864,166.8148,104,6,mww,,33,2.278,1.18,us,us7000g8kq,2022-03-12T22:19:02.040Z,"110 km NW of Sola, Vanuatu",earthquake,8.9,1.8,0.053,34,reviewed,us,us
2021-12-26T15:42:57.107Z,-18.1104,-179.352,639.16,6.1,mww,,33,2.497,0.87,us,us6000gfgd,2022-03-05T23:10:42.040Z,"141 km E of Levuka, Fiji",earthquake,8.7,2.7,0.046,45,reviewed,us,us
2021-12-22T23:22:58.013Z,18.8369,-107.0706,10,6,mww,,93,2.249,0.89,us,us6000gepm,2022-11-03T22:55:22.802Z,"213 km SW of La Cruz de Loreto, Mexico",earthquake,6.6,1.6,0.039,63,reviewed,us,us
2021-12-20T20:10:31.310Z,40.3901667,-124.298,27.04,6.2,mw,33,170,0.06557,0.13,nc,nc73666231,2022-12-30T01:11:35.632Z,"7km N of Petrolia, CA",earthquake,0.46,0.34,,0,reviewed,nc,nc
2021-12-19T16:28:22.616Z,-16.3139,178.5777,10,6.2,mww,,45,1.509,0.64,us,us6000gdma,2022-03-01T16:37:59.040Z,"85 km W of Labasa, Fiji",earthquake,7.6,1.8,0.041,57,reviewed,us,us
2021-12-18T20:05:45.111Z,-47.1259,33.5085,10,6,mww,,30,12.604,0.56,us,us6000gdgn,2022-03-01T16:37:39.040Z,Prince Edward Islands region,earthquake,9.5,1.7,0.058,29,reviewed,us,us
2021-12-16T21:14:46.611Z,-60.1754,-23.8375,15,6,mww,,45,9.042,0.8,us,us6000gcxa,2022-02-24T21:02:05.040Z,South Sandwich Islands region,earthquake,8.7,1.7,0.052,36,reviewed,us,us
2021-12-12T08:58:07.352Z,-60.7956,154.1393,10,6.6,mww,,122,6.821,0.58,us,us6000gbls,2022-02-24T21:00:12.040Z,west of Macquarie Island,earthquake,11.8,1.9,0.083,14,reviewed,us,us
2021-12-09T02:05:07.684Z,29.4132,129.3846,7,6,mww,,19,2.283,0.66,us,us6000gaq5,2022-02-12T23:07:06.040Z,"116 km N of Naze, Japan",earthquake,5.8,1.7,0.055,32,reviewed,us,us
2021-12-04T23:47:55.581Z,4.0932,128.1359,149,6,mww,,10,3.387,1.04,us,us6000g944,2022-02-12T23:05:55.040Z,"261 km N of Tobelo, Indonesia",earthquake,6.5,1.8,0.045,47,reviewed,us,us
2021-12-03T08:33:38.512Z,-60.4652,-27.1401,7.03,6,mww,,54,8.66,0.65,us,us6000g8nd,2022-02-12T23:05:42.040Z,South Sandwich Islands region,earthquake,10.3,3.8,0.06,27,reviewed,us,us
2021-12-03T04:40:05.063Z,-28.4823,-112.0255,10,6.1,mww,,51,2.645,1.17,us,us6000g8md,2022-02-12T23:05:42.040Z,"295 km WSW of Hanga Roa, Chile",earthquake,9.8,1.7,0.039,62,reviewed,us,us
2021-11-30T10:37:35.539Z,-3.6249,151.3524,10,6.1,mww,,68,0.985,0.59,us,us6000g8te,2022-02-05T23:04:01.040Z,"110 km NW of Rabaul, Papua New Guinea",earthquake,8.1,1.8,0.093,11,reviewed,us,us
2021-11-30T10:36:18.077Z,-3.5226,151.1847,10,6.3,mww,,27,1.181,0.53,us,us6000g7v8,2022-02-05T23:03:30.040Z,"113 km SSE of Kavieng, Papua New Guinea",earthquake,6.6,1.8,0.05,38,reviewed,us,us
2021-11-29T12:40:44.400Z,31.196,142.5026,11,6.3,mww,,35,2.976,0.75,us,us7000fxyq,2022-02-05T23:04:33.040Z,,earthquake,8,1.8,0.037,71,reviewed,us,us
2021-11-25T23:45:41.752Z,22.8232,93.5061,43,6.2,mww,,21,1.726,0.88,us,us7000fx45,2022-09-30T05:55:20.796Z,"20 km WSW of Falam, Myanmar",earthquake,5.4,3.7,0.08,15,reviewed,us,us
2021-11-25T12:04:05.721Z,-10.7451,166.5074,10,6.1,mww,,38,4.722,0.93,us,us7000fwzz,2022-08-06T18:43:12.195Z,"77 km E of Lata, Solomon Islands",earthquake,6.6,1.7,0.062,25,reviewed,us,us
2021-11-18T14:08:04.800Z,-5.3122,153.7074,34,6.2,mww,,17,1.899,1.12,us,us7000fv37,2022-01-22T20:52:02.040Z,"192 km SE of Kokopo, Papua New Guinea",earthquake,7.1,1.8,0.093,11,reviewed,us,us
2021-11-15T04:23:30.468Z,-37.5124,51.2613,10,6,mww,,19,8.922,0.88,us,us7000fu61,2022-01-22T20:51:53.040Z,South Indian Ocean,earthquake,8,1.2,0.05,39,reviewed,us,us
2021-11-14T12:08:38.812Z,27.7266,56.0716,10,6.4,mwb,,52,2.772,0.9,us,us7000fu12,2022-07-01T23:37:15.394Z,"63 km NNW of Bandar Abbas, Iran",earthquake,7.4,1.8,0.029,118,reviewed,us,us
2021-11-14T12:07:03.595Z,27.7158,56.0743,9,6,mwb,,32,2.761,0.75,us,us7000fu0x,2022-01-22T20:51:51.040Z,"62 km NNW of Bandar Abbas, Iran",earthquake,7.3,1.8,0.031,98,reviewed,us,us
2021-11-10T17:46:40.379Z,-4.3244,134.1805,10,6,mww,,22,2.38,0.85,us,us7000ft0f,2022-01-15T20:51:45.040Z,"181 km SW of Nabire, Indonesia",earthquake,6.1,1.7,0.049,40,reviewed,us,us
2021-11-10T15:45:13.652Z,23.5935,126.4474,12,6.6,mww,,15,3.259,0.8,us,us7000fszl,2023-09-18T14:05:42.326Z,"177 km SE of Hirara, Japan",earthquake,6.2,1.7,0.033,90,reviewed,us,us
2021-11-09T06:25:14.907Z,11.2198,-86.5255,20,6.3,mww,,89,0.962,0.68,us,us7000fskw,2022-01-15T20:51:42.040Z,"62 km S of Masachapa, Nicaragua",earthquake,6.6,1.9,0.032,94,reviewed,us,us
2021-11-06T14:37:36.731Z,-0.0451,124.2812,34,6,mww,,20,1.805,1.11,us,us7000fs08,2022-01-15T20:51:36.040Z,"150 km ESE of Gorontalo, Indonesia",earthquake,3.1,1.8,0.06,27,reviewed,us,us
2021-11-01T17:04:16.557Z,0.2081,96.709,8,6,mww,,17,1.391,1,us,us7000fqjc,2022-01-14T17:58:50.040Z,"253 km S of Sinabang, Indonesia",earthquake,7.2,1.7,0.047,44,reviewed,us,us
2021-11-01T00:02:48.965Z,-58.0284,-25.2678,22,6,mww,,19,7.301,0.89,us,us7000fqcg,2022-01-14T17:58:48.040Z,South Sandwich Islands region,earthquake,8.5,1.7,0.039,62,reviewed,us,us
2021-10-24T05:11:34.230Z,24.5108,121.8314,69,6.2,mww,,18,0.399,0.92,us,us6000fx56,2022-01-08T17:42:13.040Z,"28 km SSE of Yilan, Taiwan",earthquake,6.3,1.9,0.048,41,reviewed,us,us
2021-10-21T08:10:43.027Z,-25.316,179.604,487,6.1,mww,,37,7.671,0.65,us,us6000fwd5,2021-12-25T22:58:55.040Z,south of the Fiji Islands,earthquake,10.7,2,0.053,34,reviewed,us,us
2021-10-18T07:26:51.639Z,-13.69,167.0396,93,6.2,mww,,63,1.754,0.65,us,us6000fvkf,2021-12-25T22:58:45.040Z,"59 km WNW of Sola, Vanuatu",earthquake,7.6,1.9,0.041,58,reviewed,us,us
2021-10-15T02:44:59.320Z,-8.8783,158.4642,33,6.4,mww,,20,1.566,0.98,us,us6000furk,2021-12-25T22:58:34.040Z,"148 km WSW of Buala, Solomon Islands",earthquake,6.5,1.8,0.048,42,reviewed,us,us
2021-10-12T09:24:05.099Z,35.1691,26.2152,20,6.4,mww,,19,0.86,0.46,us,us6000ftxu,2023-08-12T13:32:34.542Z,"4 km SW of Palekastro, Greece",earthquake,6.1,1.8,0.048,42,reviewed,us,us
2021-10-11T09:10:25.147Z,56.2954,-156.581,51.6,6.9,mww,,,,0.65,ak,ak021d1u1nos,2023-05-06T00:38:19.539Z,"112 km E of Chignik, Alaska",earthquake,,0.7,,,reviewed,ak,ak
2021-10-10T21:48:36.560Z,18.82033333,-155.5271667,35.06,6.21,ml,54,278,,0.12,hv,hv72748782,2023-09-26T19:12:45.512Z,"27 km SSE of Naalehu, Hawaii",earthquake,0.52,0.93,0.153984708,25,reviewed,hv,hv
2021-10-09T10:58:31.956Z,-21.1889,174.5221,535,6.9,mww,,31,4.778,0.64,us,us6000ft9g,2021-12-18T19:58:42.040Z,Vanuatu region,earthquake,9.7,1.9,0.05,38,reviewed,us,us
2021-10-04T03:54:06.823Z,-60.4157,-27.5186,10,6.2,mww,,30,7.825,0.93,us,us6000frfw,2021-12-10T21:14:06.040Z,South Sandwich Islands region,earthquake,8,1.7,0.048,41,reviewed,us,us
2021-10-02T20:43:39.504Z,-9.1778,67.2614,10,6,mww,,36,5.377,0.8,us,us6000fr5t,2021-12-10T21:14:03.040Z,Mid-Indian Ridge,earthquake,8.1,1.7,0.073,18,reviewed,us,us
2021-09-29T08:37:05.619Z,38.8893,135.4527,364,6.1,mww,,13,3.198,0.82,us,us6000fq2d,2021-12-04T14:27:57.040Z,"243 km NNW of Nanao, Japan",earthquake,7.2,1.9,0.05,38,reviewed,us,us
2021-09-27T06:17:21.478Z,35.244,25.2697,6,6,mww,,19,0.313,0.47,us,us7000fes8,2023-08-12T13:36:24.179Z,"6 km N of Thrapsanón, Greece",earthquake,5,1.8,0.043,51,reviewed,us,us
2021-09-24T11:52:28.163Z,51.0829,-179.0153,18,6.1,mww,,52,0.487,0.89,us,us7000fe1w,2023-09-09T19:53:45.441Z,"187 km WSW of Adak, Alaska",earthquake,4.2,1.8,0.044,49,reviewed,us,us
2021-09-22T09:57:07.023Z,12.1396,-87.8647,21,6.5,mww,,114,0.993,1.07,us,us7000fdds,2022-04-21T07:59:20.662Z,"80 km SW of Jiquilillo, Nicaragua",earthquake,5,1.9,0.035,80,reviewed,us,us
2021-09-21T13:14:32.025Z,-36.7771,-73.9329,18.8,6.4,mww,,110,2.14,0.7,us,us7000fd4k,2021-12-07T15:14:16.474Z,"73 km W of Talcahuano, Chile",earthquake,6.2,3,0.043,52,reviewed,us,us
2021-09-20T20:25:26.525Z,46.3926,152.4879,35,6.1,mww,,14,6.717,1.18,us,us7000fczf,2021-12-03T15:01:38.040Z,Kuril Islands,earthquake,7.5,1.8,0.037,70,reviewed,us,us
2021-09-13T05:18:14.639Z,-23.7629,-67.0129,205,6.2,mww,,29,1.341,0.53,us,us7000fap8,2021-12-21T07:47:20.105Z,"86 km NW of San Antonio de los Cobres, Argentina",earthquake,9,1.8,0.043,51,reviewed,us,us
2021-09-08T01:47:47.437Z,16.9465,-99.753,20,7,mww,,43,0.07,0.64,us,us7000f93v,2023-10-08T04:18:35.759Z,"Acapulco, Mexico",earthquake,5.2,1.2,0.04,61,reviewed,us,us
2021-09-07T09:49:56.991Z,-19.3855,-176.0683,10,6,mww,,41,5.418,0.48,us,us7000f8tc,2021-12-21T07:45:16.732Z,"185 km WNW of Pangai, Tonga",earthquake,9.1,1.8,0.068,21,reviewed,us,us
2021-08-31T02:52:50.513Z,-29.9211,-177.3798,16,6.4,mww,,31,0.808,0.64,us,us7000f60j,2021-11-06T20:28:42.040Z,"Kermadec Islands, New Zealand",earthquake,6.8,1.7,0.045,48,reviewed,us,us
2021-08-24T05:37:51.853Z,48.8647,154.9113,35,6,mww,,75,4.599,0.44,us,us7000f2ws,2021-11-02T14:54:50.040Z,"219 km SSW of Severo-Kuril’sk, Russia",earthquake,7.8,1.9,0.042,55,reviewed,us,us
2021-08-22T00:45:07.917Z,-60.1401,-24.221,7,6.6,mww,,19,8.865,0.63,us,us6000f9gd,2021-11-02T14:54:11.040Z,South Sandwich Islands region,earthquake,8.6,1.7,0.037,70,reviewed,us,us
2021-08-18T21:49:55.690Z,-59.6344,-26.3481,28,6,mww,,26,7.707,0.68,us,us6000f843,2021-10-29T14:46:29.040Z,South Sandwich Islands region,earthquake,8.7,1.8,0.049,40,reviewed,us,us
2021-08-18T10:10:05.238Z,-14.8818,167.0585,93,6.9,mww,,54,0.579,0.78,us,us6000f7vg,2022-08-08T16:32:23.059Z,"17 km N of Port-Olry, Vanuatu",earthquake,7.9,1.9,0.058,29,reviewed,us,us
2021-08-17T17:53:26.775Z,-58.0256,-25.4158,32.62,6.1,mww,,21,7.229,0.77,us,us6000f7ks,2021-10-29T14:46:25.040Z,South Sandwich Islands region,earthquake,8.4,2.6,0.048,41,reviewed,us,us
2021-08-16T11:10:36.583Z,-58.3686,-23.3552,16.7,6.9,mww,,48,8.363,0.72,us,us6000f6wt,2022-01-05T18:20:55.314Z,South Sandwich Islands region,earthquake,8.9,3.5,0.036,73,reviewed,us,us
2021-08-14T11:57:43.447Z,55.1767,-157.6441,20.74,6.9,mww,,36,1.173,0.57,us,us6000f652,2023-05-06T00:38:02.084Z,"125 km SE of Perryville, Alaska",earthquake,4.8,2.1,0.024,162,reviewed,us,us
2021-08-13T10:34:28.283Z,-60.5354,-27.2495,10,6.1,mww,,45,8.003,0.4,us,us6000f5h2,2021-10-29T14:46:06.040Z,South Sandwich Islands region,earthquake,8.9,1.9,0.061,26,reviewed,us,us
2021-08-12T19:43:45.969Z,-59.8436,-26.4514,35,6,mb,,37,15.159,1.03,us,us6000f4pg,2021-10-23T15:46:22.040Z,South Sandwich Islands region,earthquake,9.3,1.9,0.051,147,reviewed,us,us
2021-08-12T18:41:22.560Z,-60.3568,-26.7611,35,6.1,mb,,69,8.041,1.17,us,us6000f8yj,2021-10-23T15:47:00.040Z,South Sandwich Islands region,earthquake,9.8,1.9,0.07,76,reviewed,us,us
2021-08-12T18:36:59.727Z,-59.9811,-26.4306,35,6.7,mb,,76,7.903,1.23,us,us6000f8yd,2021-10-23T15:46:59.040Z,South Sandwich Islands region,earthquake,5.9,1.9,0.105,38,reviewed,us,us
2021-08-03T03:42:38.345Z,8.8809,94.0192,10,6.1,mww,,50,4.648,0.95,us,us6000f1r4,2021-12-05T13:09:07.946Z,"Nicobar Islands, India region",earthquake,7.7,1.8,0.069,20,reviewed,us,us
2021-08-02T05:01:19.974Z,-4.499,133.958,10,6,mww,,33,2.317,0.41,us,us6000f1ea,2021-10-14T01:05:23.040Z,"182 km NE of Tual, Indonesia",earthquake,6.3,1.8,0.093,11,reviewed,us,us
2021-07-30T17:10:19.554Z,-4.9149,-80.6156,34,6.2,mww,,18,3.121,0.81,us,us6000f0qr,2021-12-04T14:23:55.995Z,"7 km E of Sullana, Peru",earthquake,3.5,1.7,0.041,58,reviewed,us,us
2021-07-26T12:09:06.655Z,-0.7679,121.9083,11,6.3,mww,,18,0.905,1.29,us,us6000ez5x,2022-08-09T06:14:13.862Z,"99 km WNW of Luwuk, Indonesia",earthquake,5,1.7,0.045,47,reviewed,us,us
2021-07-24T12:51:28.422Z,-29.9271,-176.8643,10,6.1,mww,,57,10.04,0.41,us,us6000eynb,2021-10-03T05:21:40.040Z,Kermadec Islands region,earthquake,6.7,1.8,0.047,44,reviewed,us,us
2021-07-23T20:48:57.357Z,13.7047,120.7259,110,6.7,mww,,12,8.139,0.98,us,us6000eyfk,2023-12-01T22:58:11.162Z,"15 km S of Hukay, Philippines",earthquake,7.2,1.8,0.051,37,reviewed,us,us
2021-07-21T21:15:12.269Z,7.3926,-82.779,10,6.7,mww,,61,1.395,0.62,us,us6000exs5,2023-04-05T22:56:41.974Z,"71 km S of Burica, Panama",earthquake,7.7,1.8,0.038,68,reviewed,us,us
2021-07-21T14:26:00.341Z,-3.2314,146.7999,8.37,6,mww,,20,1.308,0.73,us,us6000exmx,2021-09-25T21:08:27.040Z,"142 km SSW of Lorengau, Papua New Guinea",earthquake,5.8,1.9,0.054,33,reviewed,us,us
2021-07-17T20:56:10.107Z,6.8258,-82.6774,4.07,6.1,mww,,55,1.955,0.85,us,us7000emzy,2021-09-25T21:08:00.040Z,"135 km S of Burica, Panama",earthquake,6.5,2.8,0.041,58,reviewed,us,us
2021-07-10T00:43:55.986Z,2.9494,126.4984,44.33,6.1,mww,,32,2.33,0.92,us,us6000etxj,2021-09-17T22:49:11.040Z,"215 km NW of Tobelo, Indonesia",earthquake,6.6,3.6,0.065,23,reviewed,us,us
2021-07-08T22:49:48.110Z,38.5075,-119.4998333,7.45,6,mw,42,100,0.04846,0.06,nc,nc73584926,2023-10-18T17:44:37.561Z,"Antelope Valley, CA",earthquake,0.14,0.25,,0,reviewed,nc,nc
2021-07-04T01:29:15.977Z,-28.7361,-71.4818,22,6,mww,,78,0.639,1.13,us,us7000eijt,2022-08-09T05:47:58.373Z,"72 km WSW of Vallenar, Chile",earthquake,3,1.8,0.063,24,reviewed,us,us
2021-07-02T20:14:37.663Z,-21.8116,-179.416,599.56,6.1,mww,,20,4.695,0.78,us,us7000eicj,2021-09-10T20:07:14.040Z,Fiji region,earthquake,8.7,2.9,0.066,22,reviewed,us,us
2021-06-20T17:05:50.681Z,-30.2162,-177.8449,25,6.5,mww,,24,7.994,1.1,us,us7000eeq4,2021-12-06T14:50:53.072Z,"Kermadec Islands, New Zealand",earthquake,8.9,1.5,0.045,47,reviewed,us,us
2021-06-03T10:09:58.295Z,0.3165,126.2911,26,6.2,mww,,30,1.166,1.24,us,us7000e9bi,2022-08-09T05:19:26.929Z,"132 km WSW of Ternate, Indonesia",earthquake,6,1.8,0.05,38,reviewed,us,us
2021-05-31T06:59:55.581Z,62.4492,-148.2512,44,6.1,mww,,,,0.87,ak,ak0216xu2rod,2023-05-16T22:42:37.619Z,"73 km N of Chickaloon, Alaska",earthquake,,0.3,,,reviewed,ak,ak
2021-05-21T22:13:18.379Z,-16.6009,-177.3725,10,6.5,mww,,44,4.518,0.96,us,us7000e579,2021-12-15T11:59:55.864Z,"265 km SSE of Alo, Wallis and Futuna",earthquake,7.3,1.4,0.061,26,reviewed,us,us
2021-05-21T13:48:37.193Z,25.7274,100.0082,9,6.1,mww,,17,4.438,0.93,us,us7000e532,2022-08-09T05:10:54.306Z,"25 km NW of Dali, China",earthquake,6.8,1.7,0.053,34,reviewed,us,us
2021-05-19T00:42:19.688Z,-33.0647,-109.3943,10,6.7,mww,,31,5.884,0.95,us,us7000e4aw,2021-07-24T21:08:06.040Z,southern East Pacific Rise,earthquake,10.5,1.7,0.083,14,reviewed,us,us
2021-05-14T06:33:07.879Z,0.1364,96.6442,11,6.7,mww,,37,1.487,0.69,us,us7000e2zt,2022-08-09T05:03:30.990Z,"260 km S of Sinabang, Indonesia",earthquake,7.7,1.8,0.048,42,reviewed,us,us
2021-05-13T23:58:14.041Z,37.7169,141.8167,32,6,mww,,43,3.112,0.93,us,us7000e2xd,2022-08-12T12:05:43.057Z,"76 km ENE of Namie, Japan",earthquake,6.8,1.9,0.048,42,reviewed,us,us
2021-05-13T09:42:12.044Z,6.7137,-82.4146,10,6.1,mww,,126,1.91,0.96,us,us7000e2rq,2022-08-09T05:02:31.887Z,"154 km SSE of Punta de Burica, Panama",earthquake,7.6,1.9,0.045,48,reviewed,us,us
2021-05-12T14:05:15.667Z,-17.3874,66.3135,10,6.7,mww,,45,10.669,0.68,us,us7000e2ec,2022-08-09T05:01:56.076Z,Mauritius - Reunion region,earthquake,8.2,1.7,0.036,75,reviewed,us,us
2021-05-12T08:45:44.539Z,13.2742,-90.2266,22,6,mww,,53,0.845,1.16,us,us7000e2c6,2022-02-16T07:33:54.327Z,"55 km SW of Acajutla, El Salvador",earthquake,3.8,1.8,0.05,39,reviewed,us,us
2021-05-07T23:35:14.938Z,-18.7443,-177.5658,384,6.1,mww,,24,4.28,0.5,us,us7000e175,2021-07-23T18:08:18.040Z,Fiji region,earthquake,3.4,1.9,0.048,42,reviewed,us,us
2021-05-07T15:21:13.760Z,-54.4135,144.2159,10,6.1,mww,,50,8.591,0.78,us,us7000e13b,2021-07-23T18:08:17.040Z,west of Macquarie Island,earthquake,6.7,1.8,0.086,13,reviewed,us,us
2021-05-01T01:27:27.215Z,38.1997,141.5973,43,6.9,mww,,35,2.619,0.82,us,us7000dz5t,2022-02-16T09:45:02.989Z,,earthquake,7.3,1.9,0.041,58,reviewed,us,us
2021-04-29T06:50:26.915Z,-29.339,-176.3205,10,6.1,mww,,190,1.408,0.65,us,us7000dygd,2021-07-07T18:37:33.040Z,Kermadec Islands region,earthquake,8.6,1.9,0.044,49,reviewed,us,us
2021-04-28T02:21:26.212Z,26.7813,92.4565,34,6,mww,,11,1.324,0.79,us,us7000dy3b,2021-12-22T03:20:52.001Z,"8 km NNW of Dhekiajuli, India",earthquake,6.6,1.7,0.066,22,reviewed,us,us
2021-04-27T08:05:31.717Z,-3.407,145.5171,10,6.1,mww,,31,2.29,1.06,us,us7000dxsy,2021-11-26T12:11:04.393Z,"176 km ENE of Angoram, Papua New Guinea",earthquake,7.3,1.8,0.063,24,reviewed,us,us
2021-04-25T22:28:02.196Z,-21.6097,-177.1526,246,6.5,mww,,20,5.931,0.9,us,us6000e4rl,2021-11-29T05:15:21.247Z,"207 km WSW of Haveluloto, Tonga",earthquake,8,1.7,0.038,68,reviewed,us,us
2021-04-24T00:23:38.164Z,-18.9036,-176.2702,301,6.5,mww,,19,10.405,0.85,us,us6000e47c,2021-12-04T14:31:51.821Z,"225 km WNW of Pangai, Tonga",earthquake,8.8,1.9,0.06,27,reviewed,us,us
2021-04-19T23:58:22.503Z,0.1831,96.5601,9,6.1,mww,,28,1.506,0.97,us,us6000e30x,2021-07-03T16:48:34.040Z,"254 km S of Sinabang, Indonesia",earthquake,6.9,1.6,0.039,64,reviewed,us,us
2021-04-10T11:38:31.524Z,-3.444,145.7329,9,6,mww,,46,2.144,0.59,us,us6000e0lk,2021-06-19T21:24:52.040Z,"196 km N of Madang, Papua New Guinea",earthquake,8,1.9,0.062,25,reviewed,us,us
2021-04-10T09:30:43.306Z,4.1322,124.6443,300,6.1,mww,,19,3.062,0.98,us,us6000e0k5,2021-06-19T21:24:51.040Z,"167 km SSW of Sarangani, Philippines",earthquake,7.2,1.9,0.036,73,reviewed,us,us
2021-04-10T07:00:15.485Z,-8.5707,112.5054,67,6,mww,,21,1.631,0.83,us,us6000e0iy,2023-03-15T13:07:43.011Z,"45 km S of Sumberpucung, Indonesia",earthquake,7.3,1.9,0.066,22,reviewed,us,us
2021-04-07T09:53:29.653Z,-29.0489,-176.6124,18,6.1,mww,,57,1.168,0.52,us,us6000dzlv,2021-06-12T21:38:03.040Z,Kermadec Islands region,earthquake,9,1.8,0.043,51,reviewed,us,us
2021-04-05T07:37:52.938Z,-37.46,179.6324,24,6.1,mww,,54,1.059,0.53,us,us6000dz3c,2021-06-12T21:37:17.040Z,"194 km NE of Gisborne, New Zealand",earthquake,7.6,1.8,0.043,53,reviewed,us,us
2021-04-03T01:16:39.455Z,-58.0139,-7.843,10,6.6,mww,,37,12.742,1.2,us,us6000dynd,2021-12-22T03:33:46.510Z,east of the South Sandwich Islands,earthquake,9.8,1.7,0.05,39,reviewed,us,us
2021-04-01T15:11:18.213Z,-21.8006,-179.3796,595,6,mww,,18,4.703,0.74,us,us6000dy9x,2021-06-08T17:59:44.040Z,Fiji region,earthquake,9.3,1.9,0.066,22,reviewed,us,us
2021-04-01T09:56:37.651Z,-29.961,-177.6758,20,6.4,mww,,30,0.746,1.4,us,us6000dy64,2021-06-08T17:59:34.040Z,"Kermadec Islands, New Zealand",earthquake,3.9,1.8,0.05,39,reviewed,us,us
2021-03-20T09:09:43.966Z,38.4515,141.6477,43,7,mww,,35,2.378,0.75,us,us7000dl6y,2022-08-12T12:07:56.816Z,"30 km E of Ishinomaki, Japan",earthquake,7.2,1.9,0.045,47,reviewed,us,us
2021-03-20T05:19:31.864Z,-59.618,150.3275,10,6,mwb,,91,6.958,0.54,us,us7000dl5j,2021-06-02T15:24:04.040Z,west of Macquarie Island,earthquake,10.3,1.9,0.05,38,reviewed,us,us
2021-03-18T00:04:06.698Z,36.9206,5.2014,8,6,mww,,20,3.06,0.45,us,us7000dker,2021-09-25T11:46:15.930Z,"21 km NNE of Bejaïa, Algeria",earthquake,6.9,1.8,0.033,86,reviewed,us,us
2021-03-16T18:38:21.233Z,54.7368,163.1803,13.23,6.6,mww,,18,3.183,0.81,us,us7000djz6,2021-05-26T22:08:11.040Z,"171 km SSE of Ust’-Kamchatsk Staryy, Russia",earthquake,6.5,2.6,0.052,36,reviewed,us,us
2021-03-14T12:05:13.433Z,-59.8709,-29.4818,10,6,mww,,74,6.776,0.63,us,us7000dj9v,2021-05-26T22:07:08.040Z,South Sandwich Islands region,earthquake,5.1,1.8,0.05,39,reviewed,us,us
2021-03-06T13:12:05.498Z,-28.2896,-177.6283,10,6.1,mww,,49,0.987,0.83,us,us7000dgi0,2021-05-21T19:47:26.040Z,Kermadec Islands region,earthquake,7.1,1.8,0.046,45,reviewed,us,us
2021-03-06T12:05:23.693Z,-28.3565,-177.8739,15,6.2,mww,,50,0.886,0.64,us,us7000dgh7,2021-05-21T19:47:21.040Z,Kermadec Islands region,earthquake,7.7,1.8,0.047,44,reviewed,us,us
2021-03-06T10:34:47.134Z,-28.4217,-177.7664,10,6.2,mww,,69,0.832,0.77,us,us7000dggf,2021-05-21T19:47:20.040Z,Kermadec Islands region,earthquake,5.6,1.8,0.065,23,reviewed,us,us
2021-03-06T07:16:29.302Z,-28.6263,-177.0009,10,6.1,mww,,62,1.02,0.82,us,us7000dgdc,2021-05-21T19:47:16.040Z,Kermadec Islands region,earthquake,6.9,1.7,0.065,23,reviewed,us,us
2021-03-06T00:16:22.227Z,-37.5763,179.5947,13,6.3,mww,,34,1.023,0.96,us,us7000dg8x,2022-08-09T03:46:37.938Z,"183 km NE of Gisborne, New Zealand",earthquake,8,1.7,0.054,33,reviewed,us,us
2021-03-05T14:24:52.718Z,-28.8983,-176.6099,14,6.2,mww,,59,1.205,1.08,us,us7000dfz4,2021-05-21T19:46:50.040Z,Kermadec Islands region,earthquake,8.3,1.8,0.073,18,reviewed,us,us
2021-03-05T08:13:41.003Z,-29.5019,-176.1259,15,6,mww,,132,1.594,1.06,us,us7000dfwe,2021-05-21T19:46:42.040Z,Kermadec Islands region,earthquake,9,1.9,0.049,40,reviewed,us,us
2021-03-05T02:30:36.279Z,-28.749,-176.5578,17,6.3,mww,,41,9.784,1.16,us,us7000dft1,2021-05-21T19:46:30.040Z,Kermadec Islands region,earthquake,10.1,1.8,0.08,15,reviewed,us,us
2021-03-04T23:12:59.962Z,-28.5168,-176.6801,24,6.5,mwb,,25,11.764,0.64,us,us7000dfq2,2021-05-13T22:45:50.040Z,Kermadec Islands region,earthquake,8.9,1.8,0.071,19,reviewed,us,us
2021-03-04T20:25:06.406Z,-28.3867,-176.6895,10,6.1,mb,,48,1.383,1.11,us,us7000dfmf,2021-05-13T22:45:39.040Z,Kermadec Islands region,earthquake,9.5,1.8,0.06,106,reviewed,us,us
2021-03-04T16:53:11.135Z,-14.4334,167.3326,173.35,6.1,mww,,19,1.015,0.65,us,us7000dfhs,2021-05-13T22:45:24.040Z,"66 km SSW of Sola, Vanuatu",earthquake,7.9,3.9,0.073,18,reviewed,us,us
2021-03-03T10:16:09.755Z,39.7546,22.1757,8,6.3,mww,,17,0.423,0.55,us,us7000df40,2022-02-26T20:35:47.061Z,"9 km W of Týrnavos, Greece",earthquake,2.7,1.8,0.034,81,reviewed,us,us
2021-02-18T15:30:47.991Z,-14.8373,-176.7574,3.7,6.1,mww,,52,1.421,0.74,us,us6000dip3,2021-10-26T02:05:08.335Z,"157 km ESE of Alo, Wallis and Futuna",earthquake,6.9,1.4,0.063,24,reviewed,us,us
2021-02-18T06:37:30.717Z,-18.9515,168.0675,14,6.2,mww,,66,2.516,0.72,us,us6000dila,2022-08-09T03:04:26.494Z,"136 km S of Port-Vila, Vanuatu",earthquake,7.8,1.8,0.048,41,reviewed,us,us
2021-02-17T22:49:38.110Z,-23.1842,171.7786,12,6.1,mww,,28,3.861,0.78,us,us6000dii3,2021-04-29T19:25:01.040Z,southeast of the Loyalty Islands,earthquake,7.2,1.7,0.061,26,reviewed,us,us
2021-02-16T00:49:25.141Z,-17.8292,167.5413,13,6.2,mww,,32,3.661,0.83,us,us6000dhxn,2021-04-23T21:04:43.040Z,"82 km W of Port-Vila, Vanuatu",earthquake,7.4,1.8,0.063,24,reviewed,us,us
2021-02-11T06:52:28.131Z,-23.3358,171.8122,10.56,6,mww,,47,8.069,0.98,us,us6000dgkr,2021-04-22T21:53:13.040Z,southeast of the Loyalty Islands,earthquake,6.7,3.7,0.052,36,reviewed,us,us
2021-02-10T21:24:00.831Z,-23.1911,171.5827,12,6.3,mww,,10,8.131,0.82,us,us6000dge5,2021-04-22T21:52:46.040Z,southeast of the Loyalty Islands,earthquake,3.1,1.7,0.056,31,reviewed,us,us
2021-02-10T18:36:41.957Z,-22.7173,171.213,14,6.1,mww,,32,13.12,0.99,us,us6000dgc7,2021-04-22T21:52:40.040Z,southeast of the Loyalty Islands,earthquake,10.1,1.8,0.089,12,reviewed,us,us
2021-02-10T16:35:22.999Z,-22.8106,171.173,11.69,6.1,mwb,,17,8.189,0.86,us,us6000dgb4,2021-04-22T21:52:36.040Z,southeast of the Loyalty Islands,earthquake,8.4,0.5,0.083,14,reviewed,us,us
2021-02-10T13:01:59.145Z,-22.7415,171.6432,10,6.1,mww,,56,7.803,0.53,us,us6000dg72,2021-04-22T21:52:21.040Z,southeast of the Loyalty Islands,earthquake,10.2,1.8,0.069,20,reviewed,us,us
2021-02-10T12:52:27.224Z,-5.6856,101.6495,10,6.3,mww,,29,1.851,0.5,us,us6000dg70,2021-09-08T06:07:56.801Z,"219 km SSW of Bengkulu, Indonesia",earthquake,6.7,1.8,0.037,69,reviewed,us,us
2021-02-10T12:24:21.500Z,-22.8327,171.6556,11,6.1,mww,,49,7.851,0.38,us,us6000dg6u,2021-04-22T21:52:20.040Z,southeast of the Loyalty Islands,earthquake,11.2,1.8,0.044,50,reviewed,us,us
2021-02-07T05:45:51.377Z,-3.3226,146.1444,10,6.3,mww,,54,1.762,0.75,us,us6000dfad,2021-04-22T21:50:59.040Z,"189 km SW of Lorengau, Papua New Guinea",earthquake,7.6,1.9,0.046,45,reviewed,us,us
2021-02-07T04:22:56.667Z,6.7693,125.1011,16,6,mww,,37,0.56,1.39,us,us6000df9r,2023-07-20T12:31:16.285Z,"9 km W of Magsaysay, Philippines",earthquake,7.1,1.7,0.048,41,reviewed,us,us
2021-02-03T05:23:43.520Z,-36.2797,-97.8,10,6.7,mww,,40,13.395,0.96,us,us6000de34,2021-04-16T19:03:09.040Z,West Chile Rise,earthquake,9.7,1.2,0.048,41,reviewed,us,us
2021-01-23T23:36:51.667Z,-61.8098,-55.5027,15,6.9,mww,,16,1.55,0.57,us,us7000d2rx,2021-04-13T17:05:17.040Z,South Shetland Islands,earthquake,7.2,1.7,0.043,52,reviewed,us,us
2021-01-21T12:23:04.255Z,4.9931,127.5145,80,7,mww,,15,2.821,0.77,us,us7000d20e,2023-12-26T14:46:53.569Z,"211 km SE of Pondaguitan, Philippines",earthquake,6.3,1.9,0.061,26,reviewed,us,us
2021-01-19T02:46:22.380Z,-31.8334,-68.7992,20.81,6.4,mww,,22,0.303,0.95,us,us7000d18q,2022-09-25T00:34:58.873Z,"26 km SW of Pocito, Argentina",earthquake,2.9,3.6,0.055,32,reviewed,us,us
2021-01-14T18:28:18.093Z,-2.9717,118.8899,18,6.2,mww,,28,2.203,1.12,us,us7000d030,2023-11-18T22:32:32.656Z,"32 km S of Mamuju, Indonesia",earthquake,3.5,1.7,0.066,22,reviewed,us,us
2021-01-11T21:32:59.015Z,51.2811,100.4383,10,6.7,mww,,22,2.043,0.75,us,us6000d7ix,2022-04-02T03:58:49.807Z,"29 km SSW of Turt, Mongolia",earthquake,6.7,1.7,0.039,62,reviewed,us,us
2021-01-10T06:48:20.094Z,-16.0347,167.8826,160,6.1,mww,,23,0.877,0.54,us,us6000d764,2022-08-09T02:23:06.537Z,"50 km E of Lakatoro, Vanuatu",earthquake,7.7,1.8,0.046,45,reviewed,us,us
2021-01-10T03:54:14.483Z,-24.0412,-66.5729,217,6.1,mww,,36,1.83,1.06,us,us6000d74p,2021-03-20T21:23:33.040Z,"32 km NW of San Antonio de los Cobres, Argentina",earthquake,8.2,1.9,0.032,95,reviewed,us,us
2021-01-08T05:01:04.246Z,-20.7367,169.8821,113,6.1,mww,,37,1.88,0.69,us,us6000d6my,2021-03-20T21:22:41.040Z,"146 km SSE of Isangel, Vanuatu",earthquake,7.5,1.9,0.045,48,reviewed,us,us
2021-01-08T00:28:50.091Z,-29.4295,-178.744,224,6.3,mww,,13,0.735,0.95,us,us6000d6lg,2021-03-20T21:22:37.040Z,"Kermadec Islands, New Zealand",earthquake,7.9,1.8,0.043,51,reviewed,us,us
2021-01-06T20:59:34.315Z,0.0658,122.9487,148,6.1,mww,,13,1.114,1.23,us,us6000d69r,2021-03-13T22:59:38.040Z,"53 km SSW of Gorontalo, Indonesia",earthquake,6.7,1.8,0.035,78,reviewed,us,us
2021-01-06T06:20:35.947Z,-28.6357,-177.2713,38.49,6.2,mww,,30,0.837,0.74,us,us6000d5zz,2021-03-13T22:59:30.040Z,Kermadec Islands region,earthquake,8.2,1.6,0.05,39,reviewed,us,us
2021-01-03T12:38:48.915Z,51.2199,-179.793,21,6.1,mww,,52,2.051,0.66,us,us6000d58t,2023-05-06T00:37:21.203Z,"230 km WSW of Adak, Alaska",earthquake,5.3,1.9,0.046,46,reviewed,us,us
2020-12-29T11:19:54.762Z,45.4244,16.2573,10,6.4,mww,,13,0.941,0.75,us,us6000d3zh,2023-11-21T19:23:39.177Z,"2 km WSW of Petrinja, Croatia",earthquake,4.4,1.8,0.033,89,reviewed,us,us
2020-12-27T21:39:14.770Z,-39.3398,-74.9849,10,6.7,mww,,19,1.319,0.63,us,us6000d3i9,2022-03-10T05:51:53.951Z,"146 km WNW of Corral, Chile",earthquake,5.8,1.7,0.048,42,reviewed,us,us
2020-12-24T23:43:41.964Z,13.82,120.6539,109,6.3,mww,,15,3.715,0.75,us,us6000d2ra,2022-03-10T05:50:52.505Z,"2 km ESE of Calatagan, Philippines",earthquake,5.8,1.8,0.032,92,reviewed,us,us
2020-12-23T18:11:47.762Z,6.2544,133.6362,11,6.1,mww,,34,1.561,0.99,us,us6000d29t,2021-09-02T14:18:54.455Z,"90 km SW of Angaur State, Palau",earthquake,6.2,1.7,0.033,86,reviewed,us,us
2020-12-20T17:23:22.668Z,40.8667,142.5814,35,6.3,mww,,33,1.153,1.07,us,us7000csqe,2022-12-11T22:20:18.260Z,"100 km ENE of Hachinohe, Japan",earthquake,6.8,1.9,0.041,57,reviewed,us,us
2020-12-15T23:21:57.807Z,5.1789,125.4212,14,6.1,mww,,27,1.884,1.08,us,us7000crdx,2023-04-10T05:02:26.336Z,"25 km S of Sarangani, Philippines",earthquake,7.1,1.7,0.054,33,reviewed,us,us
2020-12-14T15:20:49.542Z,-21.8063,-68.7079,114,6,mww,,34,0.496,0.71,us,us7000cqyz,2021-02-20T16:11:53.040Z,"75 km NNE of Calama, Chile",earthquake,5.6,1.8,0.045,47,reviewed,us,us
2020-12-10T13:19:58.682Z,24.7818,122.0243,71,6.1,mww,,18,0.515,0.76,us,us7000cpqz,2022-03-10T05:49:46.366Z,"27 km E of Yilan, Taiwan",earthquake,3.8,1.6,0.061,26,reviewed,us,us
2020-12-14T15:20:49.542Z,-21.8063,-68.7079,114,6,mww,,34,0.496,0.71,us,us7000cqyz,2021-02-20T16:11:53.040Z,"75 km NNE of Calama, Chile",earthquake,5.6,1.8,0.045,47,reviewed,us,us
